INSERT INTO GG_COUNTRY(Country_ID,Country_Name) VALUES ('17','Australia');
INSERT INTO GG_COUNTRY(Country_ID,Country_Name) VALUES ('29','New Zealand');

INSERT INTO GG_LOCATION(Location_ID,Street,Suburb,State,Postal_Code,Country_ID) VALUES ('5487','46 Gadd Avenue','"Sunnyvale"','"SA"','"5552"','17');
INSERT INTO GG_LOCATION(Location_ID,Street,Suburb,State,Postal_Code,Country_ID) VALUES ('6813','13 McGregor St','"Tuggeranong"','"ACT"','"2900"','17');
INSERT INTO GG_LOCATION(Location_ID,Street,Suburb,State,Postal_Code,Country_ID) VALUES ('1873','65 Brown St','"Crows Nest"','"NSW"','"2065"','17');
INSERT INTO GG_LOCATION(Location_ID,Street,Suburb,State,Postal_Code,Country_ID) VALUES ('17','49 Williams Road','"Tenant Creek"','"NT"','"860"','17');
INSERT INTO GG_LOCATION(Location_ID,Street,Suburb,State,Postal_Code,Country_ID) VALUES ('54','46 Bayview Rd','"Chandada"','"SA"','"5680"','17');
INSERT INTO GG_LOCATION(Location_ID,Street,Suburb,State,Postal_Code,Country_ID) VALUES ('489','"43 Mt Berrymont Rd"','"Grantham"','"Queensland"','"4347"','17');
INSERT INTO GG_LOCATION(Location_ID,Street,Suburb,State,Postal_Code,Country_ID) VALUES ('3487','"221 Ambury Rd"','"Mangere"','"Manaku"','"2022"','29');
INSERT INTO GG_LOCATION(Location_ID,Street,Suburb,State,Postal_Code,Country_ID) VALUES ('219','"66 Kakariki Rd"','"Rongotai"','"Wellington"','"6022"','29');
INSERT INTO GG_LOCATION(Location_ID,Street,Suburb,State,Postal_Code,Country_ID) VALUES ('894','"75 Belmere Rise"','"Farm Cove"','"Manukau"','"2012"','29');
INSERT INTO GG_LOCATION(Location_ID,Street,Suburb,State,Postal_Code,Country_ID) VALUES ('123','14 Gardeners Road','"Mangere"','"Wellington"','"5680"','29');
INSERT INTO GG_LOCATION(Location_ID,Street,Suburb,State,Postal_Code,Country_ID) VALUES ('383','"70 Henry St"','"Portalington"','"Victoria"','"3223"','17');

INSERT INTO GG_DEPARTMENT(Department_ID,Department_Name,Location_ID) VALUES ('31','Financial Accounting','5487');
INSERT INTO GG_DEPARTMENT(Department_ID,Department_Name,Location_ID) VALUES ('270','Insurance','6813');
INSERT INTO GG_DEPARTMENT(Department_ID,Department_Name,Location_ID) VALUES ('135','Vehicle Maintenance','1873');
INSERT INTO GG_DEPARTMENT(Department_ID,Department_Name,Location_ID) VALUES ('197','Human Resources','17');
INSERT INTO GG_DEPARTMENT(Department_ID,Department_Name,Location_ID) VALUES ('7','Strategy','54');
INSERT INTO GG_DEPARTMENT(Department_ID,Department_Name,Location_ID) VALUES ('132','Supplier Negotiations ','489');
INSERT INTO GG_DEPARTMENT(Department_ID,Department_Name,Location_ID) VALUES ('285','Social Media','3487');
INSERT INTO GG_DEPARTMENT(Department_ID,Department_Name,Location_ID) VALUES ('77','Marketing ','219');
INSERT INTO GG_DEPARTMENT(Department_ID,Department_Name,Location_ID) VALUES ('139','CyberSecurity','894');
INSERT INTO GG_DEPARTMENT(Department_ID,Department_Name,Location_ID) VALUES ('17','Recruitment','123');
INSERT INTO GG_DEPARTMENT(Department_ID,Department_Name,Location_ID) VALUES ('784','IT','383');

INSERT INTO GG_MANAGER(Manager_ID,Department_ID) VALUES ('28','31');
INSERT INTO GG_MANAGER(Manager_ID,Department_ID) VALUES ('23','270');
INSERT INTO GG_MANAGER(Manager_ID,Department_ID) VALUES ('87','135');
INSERT INTO GG_MANAGER(Manager_ID,Department_ID) VALUES ('3','197');
INSERT INTO GG_MANAGER(Manager_ID,Department_ID) VALUES ('6','7');
INSERT INTO GG_MANAGER(Manager_ID,Department_ID) VALUES ('9','132');
INSERT INTO GG_MANAGER(Manager_ID,Department_ID) VALUES ('11','285');
INSERT INTO GG_MANAGER(Manager_ID,Department_ID) VALUES ('15','77');
INSERT INTO GG_MANAGER(Manager_ID,Department_ID) VALUES ('37','135');
INSERT INTO GG_MANAGER(Manager_ID,Department_ID) VALUES ('61','17');
INSERT INTO GG_MANAGER(Manager_ID,Department_ID) VALUES ('84','784');

INSERT INTO GG_EMPLOYEES(Employee_ID,Manager_ID,Department_ID,First_Name,Last_Name) VALUES ('189301','28','31','Melrose','Blaise');
INSERT INTO GG_EMPLOYEES(Employee_ID,Manager_ID,Department_ID,First_Name,Last_Name) VALUES ('482118','23','270','Mave','Louise');
INSERT INTO GG_EMPLOYEES(Employee_ID,Manager_ID,Department_ID,First_Name,Last_Name) VALUES ('901324','87','135','Jiwhen','Sunny');
INSERT INTO GG_EMPLOYEES(Employee_ID,Manager_ID,Department_ID,First_Name,Last_Name) VALUES ('191929','3','197','Maqzery','Fraller');
INSERT INTO GG_EMPLOYEES(Employee_ID,Manager_ID,Department_ID,First_Name,Last_Name) VALUES ('110921','6','7','Paqicio','Turnfall');
INSERT INTO GG_EMPLOYEES(Employee_ID,Manager_ID,Department_ID,First_Name,Last_Name) VALUES ('837200','9','132','Plade','Smart');
INSERT INTO GG_EMPLOYEES(Employee_ID,Manager_ID,Department_ID,First_Name,Last_Name) VALUES ('183284','11','285','Welle','Saint');
INSERT INTO GG_EMPLOYEES(Employee_ID,Manager_ID,Department_ID,First_Name,Last_Name) VALUES ('910390','15','77','Maven','Rose');
INSERT INTO GG_EMPLOYEES(Employee_ID,Manager_ID,Department_ID,First_Name,Last_Name) VALUES ('419805','37','139','Porter','Taint');
INSERT INTO GG_EMPLOYEES(Employee_ID,Manager_ID,Department_ID,First_Name,Last_Name) VALUES ('911202','61','17','Joseph','Ridge');
INSERT INTO GG_EMPLOYEES(Employee_ID,Manager_ID,Department_ID,First_Name,Last_Name) VALUES ('876302','84','784','Jamal','Stevern');
INSERT INTO GG_EMPLOYEES(Employee_ID,Manager_ID,Department_ID,First_Name,Last_Name) VALUES ('774328','84','784','Gabby','Liensfield');

INSERT INTO GG_PLAN(Plan_ID,Plan_Type,Monthly_Price) VALUES (123456,'GoFrequent',30);
INSERT INTO GG_PLAN(Plan_ID,Plan_Type,Monthly_Price) VALUES (234876,'GoFrequent',12);
INSERT INTO GG_PLAN(Plan_ID,Plan_Type,Monthly_Price) VALUES (432098,'GoStarter',4.08);
INSERT INTO GG_PLAN(Plan_ID,Plan_Type,Monthly_Price) VALUES (386106,'GoBusiness',12);
INSERT INTO GG_PLAN(Plan_ID,Plan_Type,Monthly_Price) VALUES (238321,'GoOccasional',12);
INSERT INTO GG_PLAN(Plan_ID,Plan_Type,Monthly_Price) VALUES (123960,'GoStarter',4.08);
INSERT INTO GG_PLAN(Plan_ID,Plan_Type,Monthly_Price) VALUES (380395,'GoStudent',35);
INSERT INTO GG_PLAN(Plan_ID,Plan_Type,Monthly_Price) VALUES (381657,'GoStudent',35);
INSERT INTO GG_PLAN(Plan_ID,Plan_Type,Monthly_Price) VALUES (365879,'GoBusiness',0);
INSERT INTO GG_PLAN(Plan_ID,Plan_Type,Monthly_Price) VALUES (947743,'GoFrequent',30);

INSERT INTO GG_CONTRACT(Contract_ID,Plan_ID,End_Date,Start_Date) VALUES ('1','381657',TO_DATE('2015/11/02','YYYY/MM/DD'),TO_DATE('2010-11-03','YYYY/MM/DD'));
INSERT INTO GG_CONTRACT(Contract_ID,Plan_ID,End_Date,Start_Date) VALUES ('2','365879',TO_DATE('2022/10/30','YYYY/MM/DD'),TO_DATE('2012-11-01','YYYY/MM/DD'));
INSERT INTO GG_CONTRACT(Contract_ID,Plan_ID,End_Date,Start_Date) VALUES ('3','365879',TO_DATE('2022/12/22','YYYY/MM/DD'),TO_DATE('2012-12-24','YYYY/MM/DD'));
INSERT INTO GG_CONTRACT(Contract_ID,Plan_ID,End_Date,Start_Date) VALUES ('4','365879',TO_DATE('2023/05/04','YYYY/MM/DD'),TO_DATE('2013-05-06','YYYY/MM/DD'));
INSERT INTO GG_CONTRACT(Contract_ID,Plan_ID,End_Date,Start_Date) VALUES ('5','365879',TO_DATE('2023/06/19','YYYY/MM/DD'),TO_DATE('2013-06-21','YYYY/MM/DD'));
INSERT INTO GG_CONTRACT(Contract_ID,Plan_ID,End_Date,Start_Date) VALUES ('6','365879',TO_DATE('2027/08/05','YYYY/MM/DD'),TO_DATE('2017-08-07','YYYY/MM/DD'));
INSERT INTO GG_CONTRACT(Contract_ID,Plan_ID,End_Date,Start_Date) VALUES ('7','365879',TO_DATE('2028/08/24','YYYY/MM/DD'),TO_DATE('2018-08-27','YYYY/MM/DD'));
INSERT INTO GG_CONTRACT(Contract_ID,Plan_ID,End_Date,Start_Date) VALUES ('8','365879',TO_DATE('2028/11/05','YYYY/MM/DD'),TO_DATE('2018-11-08','YYYY/MM/DD'));
INSERT INTO GG_CONTRACT(Contract_ID,Plan_ID,End_Date,Start_Date) VALUES ('9','381657',TO_DATE('2025/02/04','YYYY/MM/DD'),TO_DATE('2020-02-06','YYYY/MM/DD'));
INSERT INTO GG_CONTRACT(Contract_ID,Plan_ID,End_Date,Start_Date) VALUES ('10','381657',TO_DATE('2026/05/26','YYYY/MM/DD'),TO_DATE('2021-05-27','YYYY/MM/DD'));

INSERT INTO GG_BUSINESS(Business_ID,Trading_Name,Company_Name,Contract_ID,Address) VALUES ('200001','Orbit','Orbit Pty Ltd','1','9 Cameron Street,Sydney, 2464, Australia');
INSERT INTO GG_BUSINESS(Business_ID,Trading_Name,Company_Name,Contract_ID,Address) VALUES ('200002','Double','Double Pty Limited','2','23 Jones Road,Sydney, 4380, Australia');
INSERT INTO GG_BUSINESS(Business_ID,Trading_Name,Company_Name,Contract_ID,Address) VALUES ('200003','Indigo','Indigo Pty Ltd','3','16 Manerys Road,Sydney, 2324, Australia');
INSERT INTO GG_BUSINESS(Business_ID,Trading_Name,Company_Name,Contract_ID,Address) VALUES ('200004','Macro Computers','Macro Computers Pty Limited','4','34 Wilbertroy Lane,Sydney, 2871, Australia');
INSERT INTO GG_BUSINESS(Business_ID,Trading_Name,Company_Name,Contract_ID,Address) VALUES ('200005','Revolver','Revolver Pty Ltd','5','28 Redwood Avenue,Sydney, 5114, Australia');
INSERT INTO GG_BUSINESS(Business_ID,Trading_Name,Company_Name,Contract_ID,Address) VALUES ('200006','Classic Gold','Classic Gold Pty Ltd','6','30 Macdonnell Road,Sydney, 4019, Australia');
INSERT INTO GG_BUSINESS(Business_ID,Trading_Name,Company_Name,Contract_ID,Address) VALUES ('200007','OneTwoThree','One Two Three Pty Ltd','7','9 Alpine Circuit,Sydney, 2759, Australia');
INSERT INTO GG_BUSINESS(Business_ID,Trading_Name,Company_Name,Contract_ID,Address) VALUES ('200008','Computers Are Us','Computersporium Pty Ltd','8','10 Cobbitty Road,Adelaide, 2570, Australia');
INSERT INTO GG_BUSINESS(Business_ID,Trading_Name,Company_Name,Contract_ID,Address) VALUES ('200009','Purple Rain','Purple Rain Pty Ltd','9','12 Omega Road,Adelaide, 5238, Australia');
INSERT INTO GG_BUSINESS(Business_ID,Trading_Name,Company_Name,Contract_ID,Address) VALUES ('200010','The Rusty Spoon','Rusty Spoon Pty Ltd','10','5 Sellers Court,Adelaide, 5093, Australia');

INSERT INTO GG_CUSTOMERS(Customer_ID,First_Name,Last_Name,Phone_No,Email,License_No,Business_ID) VALUES ('10000001','Trystan','Gallagher','0464647193','Trystan.Gallagher@gmail.com','277652','200007');
INSERT INTO GG_CUSTOMERS(Customer_ID,First_Name,Last_Name,Phone_No,Email,License_No,Business_ID) VALUES ('10000002','Scarlet','Lister','0438529438','Scarlet.Lister@gmail.com','170969','200008');
INSERT INTO GG_CUSTOMERS(Customer_ID,First_Name,Last_Name,Phone_No,Email,License_No,Business_ID) VALUES ('10000003','Ralphie','Guest','0481571831','Ralphie.Guest@gmail.com','292690','');
INSERT INTO GG_CUSTOMERS(Customer_ID,First_Name,Last_Name,Phone_No,Email,License_No,Business_ID) VALUES ('10000004','Mallory','Irvine','0422329958','Mallory.Irvine@gmail.com','267805','');
INSERT INTO GG_CUSTOMERS(Customer_ID,First_Name,Last_Name,Phone_No,Email,License_No,Business_ID) VALUES ('10000005','Maddox','Coles','0470007534','Maddox.Coles@gmail.com','272062','');
INSERT INTO GG_CUSTOMERS(Customer_ID,First_Name,Last_Name,Phone_No,Email,License_No,Business_ID) VALUES ('10000006','Sadiyah','Nicholls','0431511297','Sadiyah.Nicholls@gmail.com','127386','');
INSERT INTO GG_CUSTOMERS(Customer_ID,First_Name,Last_Name,Phone_No,Email,License_No,Business_ID) VALUES ('10000007','Mya','Howarth','0418718852','Mya.Howarth@gmail.com','246365','200003');
INSERT INTO GG_CUSTOMERS(Customer_ID,First_Name,Last_Name,Phone_No,Email,License_No,Business_ID) VALUES ('10000008','Malakai','Mclaughlin','0480952687','Malakai.Mclaughlin@gmail.com','215154','');
INSERT INTO GG_CUSTOMERS(Customer_ID,First_Name,Last_Name,Phone_No,Email,License_No,Business_ID) VALUES ('10000009','Desiree','Taylor','0483917197','Desiree.Taylor@gmail.com','202868','');
INSERT INTO GG_CUSTOMERS(Customer_ID,First_Name,Last_Name,Phone_No,Email,License_No,Business_ID) VALUES ('10000010','Jean-Luc','Johnson','0488513532','Jean-Luc.Johnson@gmail.com','227481','');
INSERT INTO GG_CUSTOMERS(Customer_ID,First_Name,Last_Name,Phone_No,Email,License_No,Business_ID) VALUES ('10000011','Cooper','Holcomb','0462046113','Cooper.Holcomb@gmail.com','258203','200008');
INSERT INTO GG_CUSTOMERS(Customer_ID,First_Name,Last_Name,Phone_No,Email,License_No,Business_ID) VALUES ('10000012','Georgia','Huffman','0417098784','Georgia.Huffman@gmail.com','143940','');
INSERT INTO GG_CUSTOMERS(Customer_ID,First_Name,Last_Name,Phone_No,Email,License_No,Business_ID) VALUES ('10000013','Nolan','Kramer','0426264540','Nolan.Kramer@gmail.com','292961','');
INSERT INTO GG_CUSTOMERS(Customer_ID,First_Name,Last_Name,Phone_No,Email,License_No,Business_ID) VALUES ('10000014','Mary','Davidson','0466371300','Mary.Davidson@gmail.com','277211','200003');
INSERT INTO GG_CUSTOMERS(Customer_ID,First_Name,Last_Name,Phone_No,Email,License_No,Business_ID) VALUES ('10000015','Zakaria','Marriott','0420024430','Zakaria.Marriott@gmail.com','281857','200006');
INSERT INTO GG_CUSTOMERS(Customer_ID,First_Name,Last_Name,Phone_No,Email,License_No,Business_ID) VALUES ('10000016','Yousef','Rosales','0499618904','Yousef.Rosales@gmail.com','260539','200009');
INSERT INTO GG_CUSTOMERS(Customer_ID,First_Name,Last_Name,Phone_No,Email,License_No,Business_ID) VALUES ('10000017','Lillie-Rose','Watson','0458431555','Lillie-Rose.Watson@gmail.com','141369','');
INSERT INTO GG_CUSTOMERS(Customer_ID,First_Name,Last_Name,Phone_No,Email,License_No,Business_ID) VALUES ('10000018','Shola','Pace','0456568641','Shola.Pace@gmail.com','107202','200004');
INSERT INTO GG_CUSTOMERS(Customer_ID,First_Name,Last_Name,Phone_No,Email,License_No,Business_ID) VALUES ('10000019','Raja','Orr','0417007806','Raja.Orr@gmail.com','172873','200002');
INSERT INTO GG_CUSTOMERS(Customer_ID,First_Name,Last_Name,Phone_No,Email,License_No,Business_ID) VALUES ('10000020','Eben','Felix','0416751771','Eben.Felix@gmail.com','228194','');
INSERT INTO GG_CUSTOMERS(Customer_ID,First_Name,Last_Name,Phone_No,Email,License_No,Business_ID) VALUES ('10000021','Rivka','Farley','0490383184','Rivka.Farley@gmail.com','169397','');
INSERT INTO GG_CUSTOMERS(Customer_ID,First_Name,Last_Name,Phone_No,Email,License_No,Business_ID) VALUES ('10000022','Adem','Berger','0471407189','Adem.Berger@gmail.com','290356','200007');
INSERT INTO GG_CUSTOMERS(Customer_ID,First_Name,Last_Name,Phone_No,Email,License_No,Business_ID) VALUES ('10000023','Jamel','Hail','0499516595','Jamel.Hail@gmail.com','157432','200010');
INSERT INTO GG_CUSTOMERS(Customer_ID,First_Name,Last_Name,Phone_No,Email,License_No,Business_ID) VALUES ('10000024','Arman','Medrano','0495473680','Arman.Medrano@gmail.com','168970','');
INSERT INTO GG_CUSTOMERS(Customer_ID,First_Name,Last_Name,Phone_No,Email,License_No,Business_ID) VALUES ('10000025','Pierce','Torres','0457286954','Pierce.Torres@gmail.com','299783','');

INSERT INTO GG_RETAILERS(Retailer_ID,Retailer_Name,Location_ID,Address) VALUES ('201234','Kingsford Bus Stop Newsagency','5487','Shop 2, 343 Anzac Parade, Kingsford NSW 2032');
INSERT INTO GG_RETAILERS(Retailer_ID,Retailer_Name,Location_ID,Address) VALUES ('201235','Randwick Newsagency','6813','21 Belmore Rd, Randwick NSW 2031');
INSERT INTO GG_RETAILERS(Retailer_ID,Retailer_Name,Location_ID,Address) VALUES ('201236','Rosebery North Newsagency','1873','68 Dalmeny Avenue, Rosebery NSW 2018');
INSERT INTO GG_RETAILERS(Retailer_ID,Retailer_Name,Location_ID,Address) VALUES ('201237','Clearys Newsagency','17','1133 Botany Rd, Mascot NSW 2020');
INSERT INTO GG_RETAILERS(Retailer_ID,Retailer_Name,Location_ID,Address) VALUES ('201238','Epping Central Newsagency','54','52 Rawson St, Epping NSW 2121');
INSERT INTO GG_RETAILERS(Retailer_ID,Retailer_Name,Location_ID,Address) VALUES ('201239','Lucky Hands Sutherland Station','489','Shop 1, Sutherland Station, Old Princes Hwy, Sutherland NSW 2232');
INSERT INTO GG_RETAILERS(Retailer_ID,Retailer_Name,Location_ID,Address) VALUES ('201240','Kogarah West Newsagency','3487','19 Station St, Kogarah NSW 2217');
INSERT INTO GG_RETAILERS(Retailer_ID,Retailer_Name,Location_ID,Address) VALUES ('201241','Redfern Newsagency','219','130 Redfern St, Redfern NSW 2016');
INSERT INTO GG_RETAILERS(Retailer_ID,Retailer_Name,Location_ID,Address) VALUES ('201242','Surry Hills Newsagency','894','Shop 1, 12 Foveaux St, Surry Hills NSW 2010');
INSERT INTO GG_RETAILERS(Retailer_ID,Retailer_Name,Location_ID,Address) VALUES ('201243','Kensington Newsagency','123','UNSW Village, Kensington NSW 2010');

INSERT INTO GG_SMARTCARD(Card_ID,Customer_ID,Retailer_ID) VALUES ('20507523','10000001','201234');
INSERT INTO GG_SMARTCARD(Card_ID,Customer_ID,Retailer_ID) VALUES ('21623412','10000002','201235');
INSERT INTO GG_SMARTCARD(Card_ID,Customer_ID,Retailer_ID) VALUES ('35124952','10000003','201236');
INSERT INTO GG_SMARTCARD(Card_ID,Customer_ID,Retailer_ID) VALUES ('12584932','10000004','201237');
INSERT INTO GG_SMARTCARD(Card_ID,Customer_ID,Retailer_ID) VALUES ('14752349','10000005','201238');
INSERT INTO GG_SMARTCARD(Card_ID,Customer_ID,Retailer_ID) VALUES ('17385023','10000006','201239');
INSERT INTO GG_SMARTCARD(Card_ID,Customer_ID,Retailer_ID) VALUES ('23147602','10000007','201240');
INSERT INTO GG_SMARTCARD(Card_ID,Customer_ID,Retailer_ID) VALUES ('21058234','10000008','201241');
INSERT INTO GG_SMARTCARD(Card_ID,Customer_ID,Retailer_ID) VALUES ('16234812','10000009','201242');

INSERT INTO GG_PAYMENT (Payment_ID,Card_Number,Payment_date,Expiry_Date,Amount_in_AUD) VALUES (1,'8762-5228',TO_DATE('2019/01/23','YYYY/MM/DD'),TO_DATE('2020/05/12','YYYY/MM/DD'),'101.96');
INSERT INTO GG_PAYMENT (Payment_ID,Card_Number,Payment_date,Expiry_Date,Amount_in_AUD) VALUES (2,'8247-5265',TO_DATE('2022/01/04','YYYY/MM/DD'),TO_DATE('2022/04/03','YYYY/MM/DD'),'86.04');
INSERT INTO GG_PAYMENT (Payment_ID,Card_Number,Payment_date,Expiry_Date,Amount_in_AUD) VALUES (3,'7951-8809',TO_DATE('2017/04/30','YYYY/MM/DD'),TO_DATE('2019/06/03','YYYY/MM/DD'),'106.11');
INSERT INTO GG_PAYMENT (Payment_ID,Card_Number,Payment_date,Expiry_Date,Amount_in_AUD) VALUES (4,'8369-8717',TO_DATE('2015/01/10','YYYY/MM/DD'),TO_DATE('2015/11/13','YYYY/MM/DD'),'88.99');
INSERT INTO GG_PAYMENT (Payment_ID,Card_Number,Payment_date,Expiry_Date,Amount_in_AUD) VALUES (5,'3432-2051',TO_DATE('2020/10/06','YYYY/MM/DD'),TO_DATE('2021/02/28','YYYY/MM/DD'),'104.74');
INSERT INTO GG_PAYMENT (Payment_ID,Card_Number,Payment_date,Expiry_Date,Amount_in_AUD) VALUES (6,'1456-7476',TO_DATE('2012/06/10','YYYY/MM/DD'),TO_DATE('2014/01/14','YYYY/MM/DD'),'78.63');
INSERT INTO GG_PAYMENT (Payment_ID,Card_Number,Payment_date,Expiry_Date,Amount_in_AUD) VALUES (7,'4962-8508',TO_DATE('2020/12/17','YYYY/MM/DD'),TO_DATE('2022/01/25','YYYY/MM/DD'),'101.22');
INSERT INTO GG_PAYMENT (Payment_ID,Card_Number,Payment_date,Expiry_Date,Amount_in_AUD) VALUES (8,'5925-4534',TO_DATE('2010/07/24','YYYY/MM/DD'),TO_DATE('2020/02/24','YYYY/MM/DD'),'116.17');
INSERT INTO GG_PAYMENT (Payment_ID,Card_Number,Payment_date,Expiry_Date,Amount_in_AUD) VALUES (9,'8474-3812',TO_DATE('2015/01/07','YYYY/MM/DD'),TO_DATE('2019/10/17','YYYY/MM/DD'),'106.99');
INSERT INTO GG_PAYMENT (Payment_ID,Card_Number,Payment_date,Expiry_Date,Amount_in_AUD) VALUES (10,'3687-7747',TO_DATE('2010/10/21','YYYY/MM/DD'),TO_DATE('2016/06/19','YYYY/MM/DD'),'97.06');
INSERT INTO GG_PAYMENT (Payment_ID,Card_Number,Payment_date,Expiry_Date,Amount_in_AUD) VALUES (11,'9990-3718',TO_DATE('2021/12/06','YYYY/MM/DD'),TO_DATE('2022/01/26','YYYY/MM/DD'),'100.82');
INSERT INTO GG_PAYMENT (Payment_ID,Card_Number,Payment_date,Expiry_Date,Amount_in_AUD) VALUES (12,'8301-4324',TO_DATE('2011/10/14','YYYY/MM/DD'),TO_DATE('2021/09/26','YYYY/MM/DD'),'89.85');
INSERT INTO GG_PAYMENT (Payment_ID,Card_Number,Payment_date,Expiry_Date,Amount_in_AUD) VALUES (13,'6355-1292',TO_DATE('2019/04/29','YYYY/MM/DD'),TO_DATE('2021/12/27','YYYY/MM/DD'),'108.08');
INSERT INTO GG_PAYMENT (Payment_ID,Card_Number,Payment_date,Expiry_Date,Amount_in_AUD) VALUES (14,'1753-1213',TO_DATE('2016/10/23','YYYY/MM/DD'),TO_DATE('2019/05/02','YYYY/MM/DD'),'92.99');
INSERT INTO GG_PAYMENT (Payment_ID,Card_Number,Payment_date,Expiry_Date,Amount_in_AUD) VALUES (15,'8250-4968',TO_DATE('2021/11/06','YYYY/MM/DD'),TO_DATE('2021/12/23','YYYY/MM/DD'),'107.09');
INSERT INTO GG_PAYMENT (Payment_ID,Card_Number,Payment_date,Expiry_Date,Amount_in_AUD) VALUES (16,'9201-2456',TO_DATE('2015/08/16','YYYY/MM/DD'),TO_DATE('2019/08/21','YYYY/MM/DD'),'112.97');
INSERT INTO GG_PAYMENT (Payment_ID,Card_Number,Payment_date,Expiry_Date,Amount_in_AUD) VALUES (17,'6598-1595',TO_DATE('2019/02/19','YYYY/MM/DD'),TO_DATE('2020/12/09','YYYY/MM/DD'),'103.92');
INSERT INTO GG_PAYMENT (Payment_ID,Card_Number,Payment_date,Expiry_Date,Amount_in_AUD) VALUES (18,'8625-1545',TO_DATE('2022/04/19','YYYY/MM/DD'),TO_DATE('2022/04/27','YYYY/MM/DD'),'91.81');
INSERT INTO GG_PAYMENT (Payment_ID,Card_Number,Payment_date,Expiry_Date,Amount_in_AUD) VALUES (19,'5400-7095',TO_DATE('2018/07/09','YYYY/MM/DD'),TO_DATE('2019/01/24','YYYY/MM/DD'),'105.48');
INSERT INTO GG_PAYMENT (Payment_ID,Card_Number,Payment_date,Expiry_Date,Amount_in_AUD) VALUES (20,'9789-6637',TO_DATE('2018/11/13','YYYY/MM/DD'),TO_DATE('2021/07/12','YYYY/MM/DD'),'104.15');
INSERT INTO GG_PAYMENT (Payment_ID,Card_Number,Payment_date,Expiry_Date,Amount_in_AUD) VALUES (21,'6709-7341',TO_DATE('2017/06/05','YYYY/MM/DD'),TO_DATE('2020/01/06','YYYY/MM/DD'),'104.94');
INSERT INTO GG_PAYMENT (Payment_ID,Card_Number,Payment_date,Expiry_Date,Amount_in_AUD) VALUES (22,'5372-9178',TO_DATE('2020/02/02','YYYY/MM/DD'),TO_DATE('2022/01/24','YYYY/MM/DD'),'113.2');
INSERT INTO GG_PAYMENT (Payment_ID,Card_Number,Payment_date,Expiry_Date,Amount_in_AUD) VALUES (23,'8464-5363',TO_DATE('2013/05/07','YYYY/MM/DD'),TO_DATE('2019/03/20','YYYY/MM/DD'),'98.5');
INSERT INTO GG_PAYMENT (Payment_ID,Card_Number,Payment_date,Expiry_Date,Amount_in_AUD) VALUES (24,'7725-8910',TO_DATE('2021/04/26','YYYY/MM/DD'),TO_DATE('2021/11/07','YYYY/MM/DD'),'86.91');
INSERT INTO GG_PAYMENT (Payment_ID,Card_Number,Payment_date,Expiry_Date,Amount_in_AUD) VALUES (25,'3144-4285',TO_DATE('2011/01/04','YYYY/MM/DD'),TO_DATE('2012/10/30','YYYY/MM/DD'),'99.67');
INSERT INTO GG_PAYMENT (Payment_ID,Card_Number,Payment_date,Expiry_Date,Amount_in_AUD) VALUES (26,'7587-2728',TO_DATE('2013/06/20','YYYY/MM/DD'),TO_DATE('2017/08/08','YYYY/MM/DD'),'74.6');
INSERT INTO GG_PAYMENT (Payment_ID,Card_Number,Payment_date,Expiry_Date,Amount_in_AUD) VALUES (27,'8475-9497',TO_DATE('2019/05/28','YYYY/MM/DD'),TO_DATE('2020/08/23','YYYY/MM/DD'),'109.27');
INSERT INTO GG_PAYMENT (Payment_ID,Card_Number,Payment_date,Expiry_Date,Amount_in_AUD) VALUES (28,'7026-1154',TO_DATE('2016/04/24','YYYY/MM/DD'),TO_DATE('2019/09/25','YYYY/MM/DD'),'113.25');
INSERT INTO GG_PAYMENT (Payment_ID,Card_Number,Payment_date,Expiry_Date,Amount_in_AUD) VALUES (29,'1112-3160',TO_DATE('2020/08/10','YYYY/MM/DD'),TO_DATE('2022/01/12','YYYY/MM/DD'),'95.95');
INSERT INTO GG_PAYMENT (Payment_ID,Card_Number,Payment_date,Expiry_Date,Amount_in_AUD) VALUES (30,'5044-7543',TO_DATE('2019/10/29','YYYY/MM/DD'),TO_DATE('2021/10/21','YYYY/MM/DD'),'103.44');
INSERT INTO GG_PAYMENT (Payment_ID,Card_Number,Payment_date,Expiry_Date,Amount_in_AUD) VALUES (31,'6562-5079',TO_DATE('2020/10/02','YYYY/MM/DD'),TO_DATE('2021/03/08','YYYY/MM/DD'),'106.97');
INSERT INTO GG_PAYMENT (Payment_ID,Card_Number,Payment_date,Expiry_Date,Amount_in_AUD) VALUES (32,'2097-9862',TO_DATE('2020/01/07','YYYY/MM/DD'),TO_DATE('2021/02/28','YYYY/MM/DD'),'107.96');
INSERT INTO GG_PAYMENT (Payment_ID,Card_Number,Payment_date,Expiry_Date,Amount_in_AUD) VALUES (33,'1424-6592',TO_DATE('2018/10/10','YYYY/MM/DD'),TO_DATE('2021/04/02','YYYY/MM/DD'),'115.25');
INSERT INTO GG_PAYMENT (Payment_ID,Card_Number,Payment_date,Expiry_Date,Amount_in_AUD) VALUES (34,'4597-6666',TO_DATE('2020/04/02','YYYY/MM/DD'),TO_DATE('2020/04/14','YYYY/MM/DD'),'98');
INSERT INTO GG_PAYMENT (Payment_ID,Card_Number,Payment_date,Expiry_Date,Amount_in_AUD) VALUES (35,'8567-2433',TO_DATE('2012/02/24','YYYY/MM/DD'),TO_DATE('2013/11/29','YYYY/MM/DD'),'81.52');
INSERT INTO GG_PAYMENT (Payment_ID,Card_Number,Payment_date,Expiry_Date,Amount_in_AUD) VALUES (36,'8362-6598',TO_DATE('2018/07/07','YYYY/MM/DD'),TO_DATE('2021/07/15','YYYY/MM/DD'),'98.8');
INSERT INTO GG_PAYMENT (Payment_ID,Card_Number,Payment_date,Expiry_Date,Amount_in_AUD) VALUES (37,'1390-4322',TO_DATE('2015/06/20','YYYY/MM/DD'),TO_DATE('2015/11/06','YYYY/MM/DD'),'96.36');
INSERT INTO GG_PAYMENT (Payment_ID,Card_Number,Payment_date,Expiry_Date,Amount_in_AUD) VALUES (38,'4719-6168',TO_DATE('2014/08/23','YYYY/MM/DD'),TO_DATE('2019/05/27','YYYY/MM/DD'),'104.45');
INSERT INTO GG_PAYMENT (Payment_ID,Card_Number,Payment_date,Expiry_Date,Amount_in_AUD) VALUES (39,'8373-1121',TO_DATE('2022/03/08','YYYY/MM/DD'),TO_DATE('2022/04/22','YYYY/MM/DD'),'101.16');
INSERT INTO GG_PAYMENT (Payment_ID,Card_Number,Payment_date,Expiry_Date,Amount_in_AUD) VALUES (40,'9259-2672',TO_DATE('2014/02/06','YYYY/MM/DD'),TO_DATE('2015/08/15','YYYY/MM/DD'),'91.81');
INSERT INTO GG_PAYMENT (Payment_ID,Card_Number,Payment_date,Expiry_Date,Amount_in_AUD) VALUES (41,'9649-9223',TO_DATE('2014/09/16','YYYY/MM/DD'),TO_DATE('2021/02/26','YYYY/MM/DD'),'82.85');
INSERT INTO GG_PAYMENT (Payment_ID,Card_Number,Payment_date,Expiry_Date,Amount_in_AUD) VALUES (42,'6432-6310',TO_DATE('2022/03/23','YYYY/MM/DD'),TO_DATE('2022/04/05','YYYY/MM/DD'),'94.88');
INSERT INTO GG_PAYMENT (Payment_ID,Card_Number,Payment_date,Expiry_Date,Amount_in_AUD) VALUES (43,'7540-2261',TO_DATE('2017/07/14','YYYY/MM/DD'),TO_DATE('2022/04/28','YYYY/MM/DD'),'93.35');
INSERT INTO GG_PAYMENT (Payment_ID,Card_Number,Payment_date,Expiry_Date,Amount_in_AUD) VALUES (44,'8371-4295',TO_DATE('2022/02/14','YYYY/MM/DD'),TO_DATE('2022/02/15','YYYY/MM/DD'),'80.85');
INSERT INTO GG_PAYMENT (Payment_ID,Card_Number,Payment_date,Expiry_Date,Amount_in_AUD) VALUES (45,'8313-7542',TO_DATE('2015/07/24','YYYY/MM/DD'),TO_DATE('2016/02/05','YYYY/MM/DD'),'100.76');
INSERT INTO GG_PAYMENT (Payment_ID,Card_Number,Payment_date,Expiry_Date,Amount_in_AUD) VALUES (46,'7910-3622',TO_DATE('2020/11/19','YYYY/MM/DD'),TO_DATE('2021/07/12','YYYY/MM/DD'),'91.78');
INSERT INTO GG_PAYMENT (Payment_ID,Card_Number,Payment_date,Expiry_Date,Amount_in_AUD) VALUES (47,'8862-8635',TO_DATE('2012/02/25','YYYY/MM/DD'),TO_DATE('2018/12/18','YYYY/MM/DD'),'95.17');
INSERT INTO GG_PAYMENT (Payment_ID,Card_Number,Payment_date,Expiry_Date,Amount_in_AUD) VALUES (48,'1097-3039',TO_DATE('2022/02/04','YYYY/MM/DD'),TO_DATE('2022/02/27','YYYY/MM/DD'),'95.73');
INSERT INTO GG_PAYMENT (Payment_ID,Card_Number,Payment_date,Expiry_Date,Amount_in_AUD) VALUES (49,'8520-5276',TO_DATE('2011/05/12','YYYY/MM/DD'),TO_DATE('2012/04/24','YYYY/MM/DD'),'104.82');
INSERT INTO GG_PAYMENT (Payment_ID,Card_Number,Payment_date,Expiry_Date,Amount_in_AUD) VALUES (50,'1016-8360',TO_DATE('2018/11/19','YYYY/MM/DD'),TO_DATE('2020/12/13','YYYY/MM/DD'),'91.37');
INSERT INTO GG_PAYMENT (Payment_ID,Card_Number,Payment_date,Expiry_Date,Amount_in_AUD) VALUES (51,'2074-2721',TO_DATE('2015/09/08','YYYY/MM/DD'),TO_DATE('2016/10/27','YYYY/MM/DD'),'94.19');
INSERT INTO GG_PAYMENT (Payment_ID,Card_Number,Payment_date,Expiry_Date,Amount_in_AUD) VALUES (52,'9256-4532',TO_DATE('2019/11/02','YYYY/MM/DD'),TO_DATE('2021/05/30','YYYY/MM/DD'),'104.45');
INSERT INTO GG_PAYMENT (Payment_ID,Card_Number,Payment_date,Expiry_Date,Amount_in_AUD) VALUES (53,'9825-8549',TO_DATE('2020/12/15','YYYY/MM/DD'),TO_DATE('2021/09/09','YYYY/MM/DD'),'82.71');
INSERT INTO GG_PAYMENT (Payment_ID,Card_Number,Payment_date,Expiry_Date,Amount_in_AUD) VALUES (54,'6366-6212',TO_DATE('2020/03/20','YYYY/MM/DD'),TO_DATE('2021/01/26','YYYY/MM/DD'),'83.51');
INSERT INTO GG_PAYMENT (Payment_ID,Card_Number,Payment_date,Expiry_Date,Amount_in_AUD) VALUES (55,'2910-1808',TO_DATE('2014/08/01','YYYY/MM/DD'),TO_DATE('2019/07/23','YYYY/MM/DD'),'99.93');
INSERT INTO GG_PAYMENT (Payment_ID,Card_Number,Payment_date,Expiry_Date,Amount_in_AUD) VALUES (56,'5748-6636',TO_DATE('2014/09/10','YYYY/MM/DD'),TO_DATE('2020/07/05','YYYY/MM/DD'),'89.94');
INSERT INTO GG_PAYMENT (Payment_ID,Card_Number,Payment_date,Expiry_Date,Amount_in_AUD) VALUES (57,'3203-1448',TO_DATE('2020/06/15','YYYY/MM/DD'),TO_DATE('2021/08/20','YYYY/MM/DD'),'103.96');
INSERT INTO GG_PAYMENT (Payment_ID,Card_Number,Payment_date,Expiry_Date,Amount_in_AUD) VALUES (58,'1172-8635',TO_DATE('2013/04/19','YYYY/MM/DD'),TO_DATE('2019/11/26','YYYY/MM/DD'),'81.45');
INSERT INTO GG_PAYMENT (Payment_ID,Card_Number,Payment_date,Expiry_Date,Amount_in_AUD) VALUES (59,'4959-8126',TO_DATE('2018/12/12','YYYY/MM/DD'),TO_DATE('2021/06/16','YYYY/MM/DD'),'103.96');
INSERT INTO GG_PAYMENT (Payment_ID,Card_Number,Payment_date,Expiry_Date,Amount_in_AUD) VALUES (60,'4220-9260',TO_DATE('2014/03/23','YYYY/MM/DD'),TO_DATE('2022/01/15','YYYY/MM/DD'),'96.07');
INSERT INTO GG_PAYMENT (Payment_ID,Card_Number,Payment_date,Expiry_Date,Amount_in_AUD) VALUES (61,'5240-6463',TO_DATE('2011/12/01','YYYY/MM/DD'),TO_DATE('2021/01/16','YYYY/MM/DD'),'91.82');
INSERT INTO GG_PAYMENT (Payment_ID,Card_Number,Payment_date,Expiry_Date,Amount_in_AUD) VALUES (62,'9288-3415',TO_DATE('2014/11/10','YYYY/MM/DD'),TO_DATE('2017/11/01','YYYY/MM/DD'),'104.8');
INSERT INTO GG_PAYMENT (Payment_ID,Card_Number,Payment_date,Expiry_Date,Amount_in_AUD) VALUES (63,'3637-8676',TO_DATE('2021/06/26','YYYY/MM/DD'),TO_DATE('2021/11/24','YYYY/MM/DD'),'115.46');
INSERT INTO GG_PAYMENT (Payment_ID,Card_Number,Payment_date,Expiry_Date,Amount_in_AUD) VALUES (64,'9435-3802',TO_DATE('2014/03/11','YYYY/MM/DD'),TO_DATE('2019/12/25','YYYY/MM/DD'),'95.38');
INSERT INTO GG_PAYMENT (Payment_ID,Card_Number,Payment_date,Expiry_Date,Amount_in_AUD) VALUES (65,'4819-6647',TO_DATE('2014/03/31','YYYY/MM/DD'),TO_DATE('2020/10/13','YYYY/MM/DD'),'109.8');
INSERT INTO GG_PAYMENT (Payment_ID,Card_Number,Payment_date,Expiry_Date,Amount_in_AUD) VALUES (66,'3875-7358',TO_DATE('2019/04/12','YYYY/MM/DD'),TO_DATE('2022/02/24','YYYY/MM/DD'),'112.2');
INSERT INTO GG_PAYMENT (Payment_ID,Card_Number,Payment_date,Expiry_Date,Amount_in_AUD) VALUES (67,'3098-6414',TO_DATE('2017/05/03','YYYY/MM/DD'),TO_DATE('2017/09/18','YYYY/MM/DD'),'99.07');
INSERT INTO GG_PAYMENT (Payment_ID,Card_Number,Payment_date,Expiry_Date,Amount_in_AUD) VALUES (68,'1637-5620',TO_DATE('2019/08/25','YYYY/MM/DD'),TO_DATE('2020/12/25','YYYY/MM/DD'),'98.2');
INSERT INTO GG_PAYMENT (Payment_ID,Card_Number,Payment_date,Expiry_Date,Amount_in_AUD) VALUES (69,'2740-8204',TO_DATE('2010/04/10','YYYY/MM/DD'),TO_DATE('2019/07/02','YYYY/MM/DD'),'110.56');
INSERT INTO GG_PAYMENT (Payment_ID,Card_Number,Payment_date,Expiry_Date,Amount_in_AUD) VALUES (70,'5459-4791',TO_DATE('2016/06/30','YYYY/MM/DD'),TO_DATE('2016/08/07','YYYY/MM/DD'),'98.06');
INSERT INTO GG_PAYMENT (Payment_ID,Card_Number,Payment_date,Expiry_Date,Amount_in_AUD) VALUES (71,'9445-9331',TO_DATE('2020/12/01','YYYY/MM/DD'),TO_DATE('2021/01/29','YYYY/MM/DD'),'117.72');
INSERT INTO GG_PAYMENT (Payment_ID,Card_Number,Payment_date,Expiry_Date,Amount_in_AUD) VALUES (72,'9509-6315',TO_DATE('2021/05/26','YYYY/MM/DD'),TO_DATE('2021/11/20','YYYY/MM/DD'),'118.79');
INSERT INTO GG_PAYMENT (Payment_ID,Card_Number,Payment_date,Expiry_Date,Amount_in_AUD) VALUES (73,'5868-2158',TO_DATE('2022/02/20','YYYY/MM/DD'),TO_DATE('2022/03/30','YYYY/MM/DD'),'109.08');
INSERT INTO GG_PAYMENT (Payment_ID,Card_Number,Payment_date,Expiry_Date,Amount_in_AUD) VALUES (74,'8991-4127',TO_DATE('2018/05/09','YYYY/MM/DD'),TO_DATE('2021/09/29','YYYY/MM/DD'),'95.06');
INSERT INTO GG_PAYMENT (Payment_ID,Card_Number,Payment_date,Expiry_Date,Amount_in_AUD) VALUES (75,'1635-9619',TO_DATE('2015/01/11','YYYY/MM/DD'),TO_DATE('2022/02/17','YYYY/MM/DD'),'97.65');
INSERT INTO GG_PAYMENT (Payment_ID,Card_Number,Payment_date,Expiry_Date,Amount_in_AUD) VALUES (76,'3666-8094',TO_DATE('2016/02/08','YYYY/MM/DD'),TO_DATE('2022/01/09','YYYY/MM/DD'),'90.77');
INSERT INTO GG_PAYMENT (Payment_ID,Card_Number,Payment_date,Expiry_Date,Amount_in_AUD) VALUES (77,'3593-4262',TO_DATE('2018/12/25','YYYY/MM/DD'),TO_DATE('2019/10/22','YYYY/MM/DD'),'91.27');
INSERT INTO GG_PAYMENT (Payment_ID,Card_Number,Payment_date,Expiry_Date,Amount_in_AUD) VALUES (78,'5064-8024',TO_DATE('2010/04/14','YYYY/MM/DD'),TO_DATE('2017/03/07','YYYY/MM/DD'),'98.23');
INSERT INTO GG_PAYMENT (Payment_ID,Card_Number,Payment_date,Expiry_Date,Amount_in_AUD) VALUES (79,'2751-3952',TO_DATE('2021/03/24','YYYY/MM/DD'),TO_DATE('2021/10/23','YYYY/MM/DD'),'122.31');
INSERT INTO GG_PAYMENT (Payment_ID,Card_Number,Payment_date,Expiry_Date,Amount_in_AUD) VALUES (80,'6827-1801',TO_DATE('2019/07/20','YYYY/MM/DD'),TO_DATE('2021/11/27','YYYY/MM/DD'),'91.54');
INSERT INTO GG_PAYMENT (Payment_ID,Card_Number,Payment_date,Expiry_Date,Amount_in_AUD) VALUES (81,'4420-3632',TO_DATE('2010/10/04','YYYY/MM/DD'),TO_DATE('2012/06/17','YYYY/MM/DD'),'96.49');
INSERT INTO GG_PAYMENT (Payment_ID,Card_Number,Payment_date,Expiry_Date,Amount_in_AUD) VALUES (82,'7385-8838',TO_DATE('2012/03/08','YYYY/MM/DD'),TO_DATE('2015/07/20','YYYY/MM/DD'),'99.18');
INSERT INTO GG_PAYMENT (Payment_ID,Card_Number,Payment_date,Expiry_Date,Amount_in_AUD) VALUES (83,'7150-1566',TO_DATE('2010/02/05','YYYY/MM/DD'),TO_DATE('2015/06/05','YYYY/MM/DD'),'113.78');
INSERT INTO GG_PAYMENT (Payment_ID,Card_Number,Payment_date,Expiry_Date,Amount_in_AUD) VALUES (84,'3992-3156',TO_DATE('2014/01/05','YYYY/MM/DD'),TO_DATE('2014/03/10','YYYY/MM/DD'),'91.76');
INSERT INTO GG_PAYMENT (Payment_ID,Card_Number,Payment_date,Expiry_Date,Amount_in_AUD) VALUES (85,'1244-4905',TO_DATE('2012/03/28','YYYY/MM/DD'),TO_DATE('2019/11/06','YYYY/MM/DD'),'100.48');
INSERT INTO GG_PAYMENT (Payment_ID,Card_Number,Payment_date,Expiry_Date,Amount_in_AUD) VALUES (86,'5574-9130',TO_DATE('2010/07/01','YYYY/MM/DD'),TO_DATE('2015/10/03','YYYY/MM/DD'),'114.06');
INSERT INTO GG_PAYMENT (Payment_ID,Card_Number,Payment_date,Expiry_Date,Amount_in_AUD) VALUES (87,'2792-3299',TO_DATE('2018/07/07','YYYY/MM/DD'),TO_DATE('2020/07/26','YYYY/MM/DD'),'106.92');
INSERT INTO GG_PAYMENT (Payment_ID,Card_Number,Payment_date,Expiry_Date,Amount_in_AUD) VALUES (88,'1100-6566',TO_DATE('2010/10/07','YYYY/MM/DD'),TO_DATE('2015/10/29','YYYY/MM/DD'),'88.54');
INSERT INTO GG_PAYMENT (Payment_ID,Card_Number,Payment_date,Expiry_Date,Amount_in_AUD) VALUES (89,'6795-6169',TO_DATE('2016/06/14','YYYY/MM/DD'),TO_DATE('2017/12/11','YYYY/MM/DD'),'98.64');
INSERT INTO GG_PAYMENT (Payment_ID,Card_Number,Payment_date,Expiry_Date,Amount_in_AUD) VALUES (90,'7756-7962',TO_DATE('2019/11/01','YYYY/MM/DD'),TO_DATE('2021/10/25','YYYY/MM/DD'),'92.91');
INSERT INTO GG_PAYMENT (Payment_ID,Card_Number,Payment_date,Expiry_Date,Amount_in_AUD) VALUES (91,'7162-8625',TO_DATE('2012/11/20','YYYY/MM/DD'),TO_DATE('2020/02/15','YYYY/MM/DD'),'116.4');
INSERT INTO GG_PAYMENT (Payment_ID,Card_Number,Payment_date,Expiry_Date,Amount_in_AUD) VALUES (92,'2913-5120',TO_DATE('2021/03/22','YYYY/MM/DD'),TO_DATE('2022/03/28','YYYY/MM/DD'),'89.06');
INSERT INTO GG_PAYMENT (Payment_ID,Card_Number,Payment_date,Expiry_Date,Amount_in_AUD) VALUES (93,'6368-3070',TO_DATE('2020/06/21','YYYY/MM/DD'),TO_DATE('2022/02/03','YYYY/MM/DD'),'90.86');
INSERT INTO GG_PAYMENT (Payment_ID,Card_Number,Payment_date,Expiry_Date,Amount_in_AUD) VALUES (94,'8613-1774',TO_DATE('2012/03/04','YYYY/MM/DD'),TO_DATE('2016/03/04','YYYY/MM/DD'),'89.21');
INSERT INTO GG_PAYMENT (Payment_ID,Card_Number,Payment_date,Expiry_Date,Amount_in_AUD) VALUES (95,'4368-3041',TO_DATE('2014/04/05','YYYY/MM/DD'),TO_DATE('2014/09/03','YYYY/MM/DD'),'92.84');
INSERT INTO GG_PAYMENT (Payment_ID,Card_Number,Payment_date,Expiry_Date,Amount_in_AUD) VALUES (96,'5078-8758',TO_DATE('2012/02/22','YYYY/MM/DD'),TO_DATE('2021/05/18','YYYY/MM/DD'),'106.08');
INSERT INTO GG_PAYMENT (Payment_ID,Card_Number,Payment_date,Expiry_Date,Amount_in_AUD) VALUES (97,'2178-4049',TO_DATE('2019/01/03','YYYY/MM/DD'),TO_DATE('2019/07/15','YYYY/MM/DD'),'98.54');
INSERT INTO GG_PAYMENT (Payment_ID,Card_Number,Payment_date,Expiry_Date,Amount_in_AUD) VALUES (98,'1206-7843',TO_DATE('2019/10/04','YYYY/MM/DD'),TO_DATE('2020/09/14','YYYY/MM/DD'),'117.93');
INSERT INTO GG_PAYMENT (Payment_ID,Card_Number,Payment_date,Expiry_Date,Amount_in_AUD) VALUES (99,'1529-7307',TO_DATE('2018/02/28','YYYY/MM/DD'),TO_DATE('2021/06/23','YYYY/MM/DD'),'111.8');
INSERT INTO GG_PAYMENT (Payment_ID,Card_Number,Payment_date,Expiry_Date,Amount_in_AUD) VALUES (100,'6929-1211',TO_DATE('2012/05/05','YYYY/MM/DD'),TO_DATE('2022/02/06','YYYY/MM/DD'),'115.8');
INSERT INTO GG_PAYMENT (Payment_ID,Card_Number,Payment_date,Expiry_Date,Amount_in_AUD) VALUES (101,'3900-9349',TO_DATE('2019/11/17','YYYY/MM/DD'),TO_DATE('2020/09/02','YYYY/MM/DD'),'104');
INSERT INTO GG_PAYMENT (Payment_ID,Card_Number,Payment_date,Expiry_Date,Amount_in_AUD) VALUES (102,'4565-2645',TO_DATE('2011/07/29','YYYY/MM/DD'),TO_DATE('2014/03/23','YYYY/MM/DD'),'91.18');
INSERT INTO GG_PAYMENT (Payment_ID,Card_Number,Payment_date,Expiry_Date,Amount_in_AUD) VALUES (103,'9701-3109',TO_DATE('2017/12/05','YYYY/MM/DD'),TO_DATE('2018/06/23','YYYY/MM/DD'),'100.62');
INSERT INTO GG_PAYMENT (Payment_ID,Card_Number,Payment_date,Expiry_Date,Amount_in_AUD) VALUES (104,'6507-8504',TO_DATE('2019/11/25','YYYY/MM/DD'),TO_DATE('2021/10/18','YYYY/MM/DD'),'99.35');
INSERT INTO GG_PAYMENT (Payment_ID,Card_Number,Payment_date,Expiry_Date,Amount_in_AUD) VALUES (105,'9492-8586',TO_DATE('2021/11/24','YYYY/MM/DD'),TO_DATE('2021/12/19','YYYY/MM/DD'),'99.76');
INSERT INTO GG_PAYMENT (Payment_ID,Card_Number,Payment_date,Expiry_Date,Amount_in_AUD) VALUES (106,'6901-3977',TO_DATE('2012/01/24','YYYY/MM/DD'),TO_DATE('2018/09/13','YYYY/MM/DD'),'94.05');
INSERT INTO GG_PAYMENT (Payment_ID,Card_Number,Payment_date,Expiry_Date,Amount_in_AUD) VALUES (107,'8902-5217',TO_DATE('2016/05/05','YYYY/MM/DD'),TO_DATE('2017/05/30','YYYY/MM/DD'),'89.95');
INSERT INTO GG_PAYMENT (Payment_ID,Card_Number,Payment_date,Expiry_Date,Amount_in_AUD) VALUES (108,'6636-8787',TO_DATE('2018/12/23','YYYY/MM/DD'),TO_DATE('2020/10/13','YYYY/MM/DD'),'77.64');
INSERT INTO GG_PAYMENT (Payment_ID,Card_Number,Payment_date,Expiry_Date,Amount_in_AUD) VALUES (109,'9546-9283',TO_DATE('2014/12/30','YYYY/MM/DD'),TO_DATE('2016/11/22','YYYY/MM/DD'),'120.5');
INSERT INTO GG_PAYMENT (Payment_ID,Card_Number,Payment_date,Expiry_Date,Amount_in_AUD) VALUES (110,'9483-2758',TO_DATE('2014/07/26','YYYY/MM/DD'),TO_DATE('2015/03/20','YYYY/MM/DD'),'98.69');
INSERT INTO GG_PAYMENT (Payment_ID,Card_Number,Payment_date,Expiry_Date,Amount_in_AUD) VALUES (111,'2454-6494',TO_DATE('2017/07/09','YYYY/MM/DD'),TO_DATE('2019/10/18','YYYY/MM/DD'),'133.13');
INSERT INTO GG_PAYMENT (Payment_ID,Card_Number,Payment_date,Expiry_Date,Amount_in_AUD) VALUES (112,'4614-4432',TO_DATE('2019/10/25','YYYY/MM/DD'),TO_DATE('2021/07/30','YYYY/MM/DD'),'92.73');
INSERT INTO GG_PAYMENT (Payment_ID,Card_Number,Payment_date,Expiry_Date,Amount_in_AUD) VALUES (113,'2989-2081',TO_DATE('2021/07/25','YYYY/MM/DD'),TO_DATE('2021/11/06','YYYY/MM/DD'),'108.91');
INSERT INTO GG_PAYMENT (Payment_ID,Card_Number,Payment_date,Expiry_Date,Amount_in_AUD) VALUES (114,'3075-9805',TO_DATE('2016/12/31','YYYY/MM/DD'),TO_DATE('2017/04/03','YYYY/MM/DD'),'98.12');
INSERT INTO GG_PAYMENT (Payment_ID,Card_Number,Payment_date,Expiry_Date,Amount_in_AUD) VALUES (115,'3434-8575',TO_DATE('2015/01/18','YYYY/MM/DD'),TO_DATE('2021/04/05','YYYY/MM/DD'),'82.8');
INSERT INTO GG_PAYMENT (Payment_ID,Card_Number,Payment_date,Expiry_Date,Amount_in_AUD) VALUES (116,'6413-1094',TO_DATE('2010/09/17','YYYY/MM/DD'),TO_DATE('2016/04/06','YYYY/MM/DD'),'80.37');
INSERT INTO GG_PAYMENT (Payment_ID,Card_Number,Payment_date,Expiry_Date,Amount_in_AUD) VALUES (117,'8284-4210',TO_DATE('2020/09/10','YYYY/MM/DD'),TO_DATE('2020/09/23','YYYY/MM/DD'),'112.98');
INSERT INTO GG_PAYMENT (Payment_ID,Card_Number,Payment_date,Expiry_Date,Amount_in_AUD) VALUES (118,'4902-8124',TO_DATE('2012/05/21','YYYY/MM/DD'),TO_DATE('2016/12/29','YYYY/MM/DD'),'99.24');
INSERT INTO GG_PAYMENT (Payment_ID,Card_Number,Payment_date,Expiry_Date,Amount_in_AUD) VALUES (119,'1714-9208',TO_DATE('2016/04/07','YYYY/MM/DD'),TO_DATE('2017/11/05','YYYY/MM/DD'),'112.8');
INSERT INTO GG_PAYMENT (Payment_ID,Card_Number,Payment_date,Expiry_Date,Amount_in_AUD) VALUES (120,'1648-8501',TO_DATE('2013/08/14','YYYY/MM/DD'),TO_DATE('2016/10/02','YYYY/MM/DD'),'104.66');
INSERT INTO GG_PAYMENT (Payment_ID,Card_Number,Payment_date,Expiry_Date,Amount_in_AUD) VALUES (121,'1822-9506',TO_DATE('2015/01/25','YYYY/MM/DD'),TO_DATE('2020/10/25','YYYY/MM/DD'),'87.48');
INSERT INTO GG_PAYMENT (Payment_ID,Card_Number,Payment_date,Expiry_Date,Amount_in_AUD) VALUES (122,'5057-7986',TO_DATE('2012/09/10','YYYY/MM/DD'),TO_DATE('2020/07/29','YYYY/MM/DD'),'94.54');
INSERT INTO GG_PAYMENT (Payment_ID,Card_Number,Payment_date,Expiry_Date,Amount_in_AUD) VALUES (123,'4215-9053',TO_DATE('2013/08/25','YYYY/MM/DD'),TO_DATE('2016/03/23','YYYY/MM/DD'),'108.05');
INSERT INTO GG_PAYMENT (Payment_ID,Card_Number,Payment_date,Expiry_Date,Amount_in_AUD) VALUES (124,'2809-2234',TO_DATE('2017/02/07','YYYY/MM/DD'),TO_DATE('2021/08/22','YYYY/MM/DD'),'96.33');
INSERT INTO GG_PAYMENT (Payment_ID,Card_Number,Payment_date,Expiry_Date,Amount_in_AUD) VALUES (125,'8586-7130',TO_DATE('2013/01/10','YYYY/MM/DD'),TO_DATE('2016/03/20','YYYY/MM/DD'),'82.34');
INSERT INTO GG_PAYMENT (Payment_ID,Card_Number,Payment_date,Expiry_Date,Amount_in_AUD) VALUES (126,'6471-6503',TO_DATE('2013/09/14','YYYY/MM/DD'),TO_DATE('2016/06/30','YYYY/MM/DD'),'114.6');
INSERT INTO GG_PAYMENT (Payment_ID,Card_Number,Payment_date,Expiry_Date,Amount_in_AUD) VALUES (127,'1620-4390',TO_DATE('2022/01/18','YYYY/MM/DD'),TO_DATE('2022/02/24','YYYY/MM/DD'),'100.77');
INSERT INTO GG_PAYMENT (Payment_ID,Card_Number,Payment_date,Expiry_Date,Amount_in_AUD) VALUES (128,'8173-3796',TO_DATE('2014/07/30','YYYY/MM/DD'),TO_DATE('2016/02/11','YYYY/MM/DD'),'79.74');
INSERT INTO GG_PAYMENT (Payment_ID,Card_Number,Payment_date,Expiry_Date,Amount_in_AUD) VALUES (129,'8338-9739',TO_DATE('2016/12/07','YYYY/MM/DD'),TO_DATE('2022/02/04','YYYY/MM/DD'),'102.52');
INSERT INTO GG_PAYMENT (Payment_ID,Card_Number,Payment_date,Expiry_Date,Amount_in_AUD) VALUES (130,'6865-1450',TO_DATE('2016/11/25','YYYY/MM/DD'),TO_DATE('2022/02/21','YYYY/MM/DD'),'100.48');
INSERT INTO GG_PAYMENT (Payment_ID,Card_Number,Payment_date,Expiry_Date,Amount_in_AUD) VALUES (131,'5957-7133',TO_DATE('2021/01/17','YYYY/MM/DD'),TO_DATE('2021/02/03','YYYY/MM/DD'),'96.02');
INSERT INTO GG_PAYMENT (Payment_ID,Card_Number,Payment_date,Expiry_Date,Amount_in_AUD) VALUES (132,'6914-7819',TO_DATE('2013/01/16','YYYY/MM/DD'),TO_DATE('2021/07/20','YYYY/MM/DD'),'104.27');
INSERT INTO GG_PAYMENT (Payment_ID,Card_Number,Payment_date,Expiry_Date,Amount_in_AUD) VALUES (133,'2517-5903',TO_DATE('2013/01/19','YYYY/MM/DD'),TO_DATE('2013/12/15','YYYY/MM/DD'),'85.46');
INSERT INTO GG_PAYMENT (Payment_ID,Card_Number,Payment_date,Expiry_Date,Amount_in_AUD) VALUES (134,'8348-6573',TO_DATE('2011/12/07','YYYY/MM/DD'),TO_DATE('2013/10/01','YYYY/MM/DD'),'101.02');
INSERT INTO GG_PAYMENT (Payment_ID,Card_Number,Payment_date,Expiry_Date,Amount_in_AUD) VALUES (135,'4908-4784',TO_DATE('2018/06/01','YYYY/MM/DD'),TO_DATE('2018/09/06','YYYY/MM/DD'),'100.3');
INSERT INTO GG_PAYMENT (Payment_ID,Card_Number,Payment_date,Expiry_Date,Amount_in_AUD) VALUES (136,'1739-1685',TO_DATE('2012/12/11','YYYY/MM/DD'),TO_DATE('2019/08/18','YYYY/MM/DD'),'107.96');
INSERT INTO GG_PAYMENT (Payment_ID,Card_Number,Payment_date,Expiry_Date,Amount_in_AUD) VALUES (137,'2972-4258',TO_DATE('2011/12/30','YYYY/MM/DD'),TO_DATE('2017/05/12','YYYY/MM/DD'),'94.93');
INSERT INTO GG_PAYMENT (Payment_ID,Card_Number,Payment_date,Expiry_Date,Amount_in_AUD) VALUES (138,'3322-1448',TO_DATE('2010/10/16','YYYY/MM/DD'),TO_DATE('2014/06/19','YYYY/MM/DD'),'82.07');
INSERT INTO GG_PAYMENT (Payment_ID,Card_Number,Payment_date,Expiry_Date,Amount_in_AUD) VALUES (139,'8298-2326',TO_DATE('2021/12/29','YYYY/MM/DD'),TO_DATE('2022/01/10','YYYY/MM/DD'),'111.58');
INSERT INTO GG_PAYMENT (Payment_ID,Card_Number,Payment_date,Expiry_Date,Amount_in_AUD) VALUES (140,'2378-2482',TO_DATE('2011/10/10','YYYY/MM/DD'),TO_DATE('2012/10/16','YYYY/MM/DD'),'109.16');
INSERT INTO GG_PAYMENT (Payment_ID,Card_Number,Payment_date,Expiry_Date,Amount_in_AUD) VALUES (141,'2790-1637',TO_DATE('2019/12/26','YYYY/MM/DD'),TO_DATE('2021/01/30','YYYY/MM/DD'),'86.46');
INSERT INTO GG_PAYMENT (Payment_ID,Card_Number,Payment_date,Expiry_Date,Amount_in_AUD) VALUES (142,'4504-2862',TO_DATE('2016/08/21','YYYY/MM/DD'),TO_DATE('2016/12/07','YYYY/MM/DD'),'102.27');
INSERT INTO GG_PAYMENT (Payment_ID,Card_Number,Payment_date,Expiry_Date,Amount_in_AUD) VALUES (143,'9797-5937',TO_DATE('2015/02/18','YYYY/MM/DD'),TO_DATE('2016/02/08','YYYY/MM/DD'),'96.97');
INSERT INTO GG_PAYMENT (Payment_ID,Card_Number,Payment_date,Expiry_Date,Amount_in_AUD) VALUES (144,'1578-6484',TO_DATE('2018/01/07','YYYY/MM/DD'),TO_DATE('2018/02/02','YYYY/MM/DD'),'107.95');
INSERT INTO GG_PAYMENT (Payment_ID,Card_Number,Payment_date,Expiry_Date,Amount_in_AUD) VALUES (145,'8686-8166',TO_DATE('2021/05/06','YYYY/MM/DD'),TO_DATE('2021/06/22','YYYY/MM/DD'),'97.56');
INSERT INTO GG_PAYMENT (Payment_ID,Card_Number,Payment_date,Expiry_Date,Amount_in_AUD) VALUES (146,'3365-2008',TO_DATE('2021/05/23','YYYY/MM/DD'),TO_DATE('2022/04/20','YYYY/MM/DD'),'102.48');
INSERT INTO GG_PAYMENT (Payment_ID,Card_Number,Payment_date,Expiry_Date,Amount_in_AUD) VALUES (147,'1683-1845',TO_DATE('2010/08/10','YYYY/MM/DD'),TO_DATE('2015/12/13','YYYY/MM/DD'),'95.59');
INSERT INTO GG_PAYMENT (Payment_ID,Card_Number,Payment_date,Expiry_Date,Amount_in_AUD) VALUES (148,'1192-9826',TO_DATE('2010/03/26','YYYY/MM/DD'),TO_DATE('2015/12/21','YYYY/MM/DD'),'106.05');
INSERT INTO GG_PAYMENT (Payment_ID,Card_Number,Payment_date,Expiry_Date,Amount_in_AUD) VALUES (149,'5361-3000',TO_DATE('2010/04/28','YYYY/MM/DD'),TO_DATE('2016/11/27','YYYY/MM/DD'),'94.06');
INSERT INTO GG_PAYMENT (Payment_ID,Card_Number,Payment_date,Expiry_Date,Amount_in_AUD) VALUES (150,'6132-2423',TO_DATE('2017/07/31','YYYY/MM/DD'),TO_DATE('2017/08/02','YYYY/MM/DD'),'74.99');
INSERT INTO GG_PAYMENT (Payment_ID,Card_Number,Payment_date,Expiry_Date,Amount_in_AUD) VALUES (151,'9135-1804',TO_DATE('2012/12/05','YYYY/MM/DD'),TO_DATE('2016/04/07','YYYY/MM/DD'),'116.63');
INSERT INTO GG_PAYMENT (Payment_ID,Card_Number,Payment_date,Expiry_Date,Amount_in_AUD) VALUES (152,'5558-2853',TO_DATE('2016/06/23','YYYY/MM/DD'),TO_DATE('2020/04/14','YYYY/MM/DD'),'103.96');
INSERT INTO GG_PAYMENT (Payment_ID,Card_Number,Payment_date,Expiry_Date,Amount_in_AUD) VALUES (153,'5898-5184',TO_DATE('2015/01/15','YYYY/MM/DD'),TO_DATE('2015/06/10','YYYY/MM/DD'),'111.1');
INSERT INTO GG_PAYMENT (Payment_ID,Card_Number,Payment_date,Expiry_Date,Amount_in_AUD) VALUES (154,'8354-5180',TO_DATE('2020/03/20','YYYY/MM/DD'),TO_DATE('2021/05/19','YYYY/MM/DD'),'85.13');
INSERT INTO GG_PAYMENT (Payment_ID,Card_Number,Payment_date,Expiry_Date,Amount_in_AUD) VALUES (155,'6036-5857',TO_DATE('2016/02/13','YYYY/MM/DD'),TO_DATE('2021/12/26','YYYY/MM/DD'),'84.9');
INSERT INTO GG_PAYMENT (Payment_ID,Card_Number,Payment_date,Expiry_Date,Amount_in_AUD) VALUES (156,'8873-8389',TO_DATE('2013/08/14','YYYY/MM/DD'),TO_DATE('2018/10/22','YYYY/MM/DD'),'107.04');
INSERT INTO GG_PAYMENT (Payment_ID,Card_Number,Payment_date,Expiry_Date,Amount_in_AUD) VALUES (157,'7207-9321',TO_DATE('2020/10/17','YYYY/MM/DD'),TO_DATE('2021/06/11','YYYY/MM/DD'),'100.37');
INSERT INTO GG_PAYMENT (Payment_ID,Card_Number,Payment_date,Expiry_Date,Amount_in_AUD) VALUES (158,'6445-1306',TO_DATE('2021/11/17','YYYY/MM/DD'),TO_DATE('2022/03/01','YYYY/MM/DD'),'97.66');
INSERT INTO GG_PAYMENT (Payment_ID,Card_Number,Payment_date,Expiry_Date,Amount_in_AUD) VALUES (159,'6860-1908',TO_DATE('2010/09/14','YYYY/MM/DD'),TO_DATE('2016/01/02','YYYY/MM/DD'),'88.04');
INSERT INTO GG_PAYMENT (Payment_ID,Card_Number,Payment_date,Expiry_Date,Amount_in_AUD) VALUES (160,'7284-6552',TO_DATE('2014/08/02','YYYY/MM/DD'),TO_DATE('2019/03/26','YYYY/MM/DD'),'106.07');
INSERT INTO GG_PAYMENT (Payment_ID,Card_Number,Payment_date,Expiry_Date,Amount_in_AUD) VALUES (161,'1803-4665',TO_DATE('2018/10/24','YYYY/MM/DD'),TO_DATE('2021/01/13','YYYY/MM/DD'),'82.75');
INSERT INTO GG_PAYMENT (Payment_ID,Card_Number,Payment_date,Expiry_Date,Amount_in_AUD) VALUES (162,'3963-1482',TO_DATE('2022/01/24','YYYY/MM/DD'),TO_DATE('2022/04/05','YYYY/MM/DD'),'92.23');
INSERT INTO GG_PAYMENT (Payment_ID,Card_Number,Payment_date,Expiry_Date,Amount_in_AUD) VALUES (163,'2272-5253',TO_DATE('2012/03/13','YYYY/MM/DD'),TO_DATE('2021/09/28','YYYY/MM/DD'),'101.75');
INSERT INTO GG_PAYMENT (Payment_ID,Card_Number,Payment_date,Expiry_Date,Amount_in_AUD) VALUES (164,'5321-9107',TO_DATE('2010/02/01','YYYY/MM/DD'),TO_DATE('2021/08/13','YYYY/MM/DD'),'95.62');
INSERT INTO GG_PAYMENT (Payment_ID,Card_Number,Payment_date,Expiry_Date,Amount_in_AUD) VALUES (165,'5283-3075',TO_DATE('2014/06/30','YYYY/MM/DD'),TO_DATE('2019/08/18','YYYY/MM/DD'),'105.98');
INSERT INTO GG_PAYMENT (Payment_ID,Card_Number,Payment_date,Expiry_Date,Amount_in_AUD) VALUES (166,'2630-8010',TO_DATE('2022/03/11','YYYY/MM/DD'),TO_DATE('2022/03/15','YYYY/MM/DD'),'96.79');
INSERT INTO GG_PAYMENT (Payment_ID,Card_Number,Payment_date,Expiry_Date,Amount_in_AUD) VALUES (167,'1250-7168',TO_DATE('2016/07/04','YYYY/MM/DD'),TO_DATE('2018/01/31','YYYY/MM/DD'),'108.15');
INSERT INTO GG_PAYMENT (Payment_ID,Card_Number,Payment_date,Expiry_Date,Amount_in_AUD) VALUES (168,'9422-7934',TO_DATE('2015/12/27','YYYY/MM/DD'),TO_DATE('2016/10/09','YYYY/MM/DD'),'103.38');
INSERT INTO GG_PAYMENT (Payment_ID,Card_Number,Payment_date,Expiry_Date,Amount_in_AUD) VALUES (169,'5317-1195',TO_DATE('2010/01/04','YYYY/MM/DD'),TO_DATE('2018/10/22','YYYY/MM/DD'),'91.19');
INSERT INTO GG_PAYMENT (Payment_ID,Card_Number,Payment_date,Expiry_Date,Amount_in_AUD) VALUES (170,'6741-1843',TO_DATE('2013/02/28','YYYY/MM/DD'),TO_DATE('2016/06/20','YYYY/MM/DD'),'91.58');
INSERT INTO GG_PAYMENT (Payment_ID,Card_Number,Payment_date,Expiry_Date,Amount_in_AUD) VALUES (171,'4471-6216',TO_DATE('2016/09/20','YYYY/MM/DD'),TO_DATE('2019/09/30','YYYY/MM/DD'),'98.05');
INSERT INTO GG_PAYMENT (Payment_ID,Card_Number,Payment_date,Expiry_Date,Amount_in_AUD) VALUES (172,'4417-9892',TO_DATE('2021/09/17','YYYY/MM/DD'),TO_DATE('2021/12/27','YYYY/MM/DD'),'94.9');
INSERT INTO GG_PAYMENT (Payment_ID,Card_Number,Payment_date,Expiry_Date,Amount_in_AUD) VALUES (173,'4802-4917',TO_DATE('2015/10/13','YYYY/MM/DD'),TO_DATE('2021/08/03','YYYY/MM/DD'),'116.54');
INSERT INTO GG_PAYMENT (Payment_ID,Card_Number,Payment_date,Expiry_Date,Amount_in_AUD) VALUES (174,'3679-8901',TO_DATE('2016/12/01','YYYY/MM/DD'),TO_DATE('2020/12/14','YYYY/MM/DD'),'94.69');
INSERT INTO GG_PAYMENT (Payment_ID,Card_Number,Payment_date,Expiry_Date,Amount_in_AUD) VALUES (175,'9031-3232',TO_DATE('2019/09/15','YYYY/MM/DD'),TO_DATE('2022/04/14','YYYY/MM/DD'),'86.91');
INSERT INTO GG_PAYMENT (Payment_ID,Card_Number,Payment_date,Expiry_Date,Amount_in_AUD) VALUES (176,'9103-8185',TO_DATE('2019/11/25','YYYY/MM/DD'),TO_DATE('2020/03/13','YYYY/MM/DD'),'102.09');
INSERT INTO GG_PAYMENT (Payment_ID,Card_Number,Payment_date,Expiry_Date,Amount_in_AUD) VALUES (177,'1847-4898',TO_DATE('2011/06/20','YYYY/MM/DD'),TO_DATE('2020/08/03','YYYY/MM/DD'),'94.09');
INSERT INTO GG_PAYMENT (Payment_ID,Card_Number,Payment_date,Expiry_Date,Amount_in_AUD) VALUES (178,'5569-8030',TO_DATE('2018/04/29','YYYY/MM/DD'),TO_DATE('2022/02/05','YYYY/MM/DD'),'82.63');
INSERT INTO GG_PAYMENT (Payment_ID,Card_Number,Payment_date,Expiry_Date,Amount_in_AUD) VALUES (179,'3196-5261',TO_DATE('2012/11/23','YYYY/MM/DD'),TO_DATE('2016/04/15','YYYY/MM/DD'),'87.07');
INSERT INTO GG_PAYMENT (Payment_ID,Card_Number,Payment_date,Expiry_Date,Amount_in_AUD) VALUES (180,'2166-9449',TO_DATE('2012/01/11','YYYY/MM/DD'),TO_DATE('2017/10/28','YYYY/MM/DD'),'94.37');
INSERT INTO GG_PAYMENT (Payment_ID,Card_Number,Payment_date,Expiry_Date,Amount_in_AUD) VALUES (181,'3102-1596',TO_DATE('2018/04/21','YYYY/MM/DD'),TO_DATE('2022/02/10','YYYY/MM/DD'),'121.25');
INSERT INTO GG_PAYMENT (Payment_ID,Card_Number,Payment_date,Expiry_Date,Amount_in_AUD) VALUES (182,'4084-4479',TO_DATE('2014/07/04','YYYY/MM/DD'),TO_DATE('2020/06/28','YYYY/MM/DD'),'89.05');
INSERT INTO GG_PAYMENT (Payment_ID,Card_Number,Payment_date,Expiry_Date,Amount_in_AUD) VALUES (183,'7588-7632',TO_DATE('2020/01/10','YYYY/MM/DD'),TO_DATE('2021/04/05','YYYY/MM/DD'),'86.11');
INSERT INTO GG_PAYMENT (Payment_ID,Card_Number,Payment_date,Expiry_Date,Amount_in_AUD) VALUES (184,'5491-6717',TO_DATE('2012/07/15','YYYY/MM/DD'),TO_DATE('2014/07/02','YYYY/MM/DD'),'95.51');
INSERT INTO GG_PAYMENT (Payment_ID,Card_Number,Payment_date,Expiry_Date,Amount_in_AUD) VALUES (185,'1263-2942',TO_DATE('2015/04/16','YYYY/MM/DD'),TO_DATE('2019/03/07','YYYY/MM/DD'),'96.08');
INSERT INTO GG_PAYMENT (Payment_ID,Card_Number,Payment_date,Expiry_Date,Amount_in_AUD) VALUES (186,'3193-6364',TO_DATE('2011/05/26','YYYY/MM/DD'),TO_DATE('2016/03/24','YYYY/MM/DD'),'111.58');
INSERT INTO GG_PAYMENT (Payment_ID,Card_Number,Payment_date,Expiry_Date,Amount_in_AUD) VALUES (187,'1722-6769',TO_DATE('2017/04/10','YYYY/MM/DD'),TO_DATE('2019/05/24','YYYY/MM/DD'),'86.74');
INSERT INTO GG_PAYMENT (Payment_ID,Card_Number,Payment_date,Expiry_Date,Amount_in_AUD) VALUES (188,'7517-6727',TO_DATE('2018/04/14','YYYY/MM/DD'),TO_DATE('2019/10/10','YYYY/MM/DD'),'85.4');
INSERT INTO GG_PAYMENT (Payment_ID,Card_Number,Payment_date,Expiry_Date,Amount_in_AUD) VALUES (189,'4233-1516',TO_DATE('2010/03/18','YYYY/MM/DD'),TO_DATE('2021/02/18','YYYY/MM/DD'),'108.28');
INSERT INTO GG_PAYMENT (Payment_ID,Card_Number,Payment_date,Expiry_Date,Amount_in_AUD) VALUES (190,'9209-8502',TO_DATE('2021/08/30','YYYY/MM/DD'),TO_DATE('2021/11/16','YYYY/MM/DD'),'106.84');
INSERT INTO GG_PAYMENT (Payment_ID,Card_Number,Payment_date,Expiry_Date,Amount_in_AUD) VALUES (191,'7087-3411',TO_DATE('2014/04/03','YYYY/MM/DD'),TO_DATE('2016/11/02','YYYY/MM/DD'),'92.95');
INSERT INTO GG_PAYMENT (Payment_ID,Card_Number,Payment_date,Expiry_Date,Amount_in_AUD) VALUES (192,'1671-8611',TO_DATE('2016/10/02','YYYY/MM/DD'),TO_DATE('2021/10/14','YYYY/MM/DD'),'111.03');
INSERT INTO GG_PAYMENT (Payment_ID,Card_Number,Payment_date,Expiry_Date,Amount_in_AUD) VALUES (193,'5302-3813',TO_DATE('2022/04/23','YYYY/MM/DD'),TO_DATE('2022/04/27','YYYY/MM/DD'),'94.65');
INSERT INTO GG_PAYMENT (Payment_ID,Card_Number,Payment_date,Expiry_Date,Amount_in_AUD) VALUES (194,'3139-9228',TO_DATE('2011/09/06','YYYY/MM/DD'),TO_DATE('2017/02/21','YYYY/MM/DD'),'95.48');
INSERT INTO GG_PAYMENT (Payment_ID,Card_Number,Payment_date,Expiry_Date,Amount_in_AUD) VALUES (195,'9985-4932',TO_DATE('2016/06/02','YYYY/MM/DD'),TO_DATE('2017/08/17','YYYY/MM/DD'),'80.56');
INSERT INTO GG_PAYMENT (Payment_ID,Card_Number,Payment_date,Expiry_Date,Amount_in_AUD) VALUES (196,'2756-4159',TO_DATE('2014/06/26','YYYY/MM/DD'),TO_DATE('2020/02/22','YYYY/MM/DD'),'117.66');
INSERT INTO GG_PAYMENT (Payment_ID,Card_Number,Payment_date,Expiry_Date,Amount_in_AUD) VALUES (197,'1804-2875',TO_DATE('2016/02/20','YYYY/MM/DD'),TO_DATE('2020/09/25','YYYY/MM/DD'),'107.27');
INSERT INTO GG_PAYMENT (Payment_ID,Card_Number,Payment_date,Expiry_Date,Amount_in_AUD) VALUES (198,'9360-3396',TO_DATE('2017/02/26','YYYY/MM/DD'),TO_DATE('2019/01/06','YYYY/MM/DD'),'90.38');
INSERT INTO GG_PAYMENT (Payment_ID,Card_Number,Payment_date,Expiry_Date,Amount_in_AUD) VALUES (199,'5822-1655',TO_DATE('2014/09/16','YYYY/MM/DD'),TO_DATE('2021/04/11','YYYY/MM/DD'),'105.12');
INSERT INTO GG_PAYMENT (Payment_ID,Card_Number,Payment_date,Expiry_Date,Amount_in_AUD) VALUES (200,'3955-1695',TO_DATE('2020/01/15','YYYY/MM/DD'),TO_DATE('2021/10/05','YYYY/MM/DD'),'118.49');

INSERT INTO GG_REGISTER(Customer_ID,Plan_ID,Start_Date,End_Date,Payment_ID) VALUES ('10000001','123456',TO_DATE('2012/04/02','YYYY/MM/DD'),TO_DATE('2018/07/18','YYYY/MM/DD'),'151');
INSERT INTO GG_REGISTER(Customer_ID,Plan_ID,Start_Date,End_Date,Payment_ID) VALUES ('10000002','234876',TO_DATE('2010/11/06','YYYY/MM/DD'),TO_DATE('2012/03/30','YYYY/MM/DD'),'152');
INSERT INTO GG_REGISTER(Customer_ID,Plan_ID,Start_Date,End_Date,Payment_ID) VALUES ('10000003','432098',TO_DATE('2010/06/17','YYYY/MM/DD'),TO_DATE('2012/10/09','YYYY/MM/DD'),'153');
INSERT INTO GG_REGISTER(Customer_ID,Plan_ID,Start_Date,End_Date,Payment_ID) VALUES ('10000004','386106',TO_DATE('2015/02/22','YYYY/MM/DD'),TO_DATE('2022/04/28','YYYY/MM/DD'),'154');
INSERT INTO GG_REGISTER(Customer_ID,Plan_ID,Start_Date,End_Date,Payment_ID) VALUES ('10000005','238321',TO_DATE('2016/01/18','YYYY/MM/DD'),TO_DATE('2016/12/28','YYYY/MM/DD'),'155');
INSERT INTO GG_REGISTER(Customer_ID,Plan_ID,Start_Date,End_Date,Payment_ID) VALUES ('10000006','123960',TO_DATE('2010/02/11','YYYY/MM/DD'),TO_DATE('2016/09/06','YYYY/MM/DD'),'156');
INSERT INTO GG_REGISTER(Customer_ID,Plan_ID,Start_Date,End_Date,Payment_ID) VALUES ('10000007','380395',TO_DATE('2017/08/31','YYYY/MM/DD'),TO_DATE('2018/04/07','YYYY/MM/DD'),'157');
INSERT INTO GG_REGISTER(Customer_ID,Plan_ID,Start_Date,End_Date,Payment_ID) VALUES ('10000008','381657',TO_DATE('2012/11/23','YYYY/MM/DD'),TO_DATE('2016/05/20','YYYY/MM/DD'),'158');
INSERT INTO GG_REGISTER(Customer_ID,Plan_ID,Start_Date,End_Date,Payment_ID) VALUES ('10000009','365879',TO_DATE('2021/01/18','YYYY/MM/DD'),TO_DATE('2021/04/17','YYYY/MM/DD'),'159');
INSERT INTO GG_REGISTER(Customer_ID,Plan_ID,Start_Date,End_Date,Payment_ID) VALUES ('10000010','947743',TO_DATE('2018/08/20','YYYY/MM/DD'),TO_DATE('2019/01/25','YYYY/MM/DD'),'160');
INSERT INTO GG_REGISTER(Customer_ID,Plan_ID,Start_Date,End_Date,Payment_ID) VALUES ('10000011','123456',TO_DATE('2016/02/18','YYYY/MM/DD'),TO_DATE('2021/11/25','YYYY/MM/DD'),'161');
INSERT INTO GG_REGISTER(Customer_ID,Plan_ID,Start_Date,End_Date,Payment_ID) VALUES ('10000012','234876',TO_DATE('2019/11/21','YYYY/MM/DD'),TO_DATE('2021/10/08','YYYY/MM/DD'),'162');
INSERT INTO GG_REGISTER(Customer_ID,Plan_ID,Start_Date,End_Date,Payment_ID) VALUES ('10000013','432098',TO_DATE('2012/02/16','YYYY/MM/DD'),TO_DATE('2020/02/15','YYYY/MM/DD'),'163');
INSERT INTO GG_REGISTER(Customer_ID,Plan_ID,Start_Date,End_Date,Payment_ID) VALUES ('10000014','386106',TO_DATE('2010/03/03','YYYY/MM/DD'),TO_DATE('2014/02/09','YYYY/MM/DD'),'164');
INSERT INTO GG_REGISTER(Customer_ID,Plan_ID,Start_Date,End_Date,Payment_ID) VALUES ('10000015','238321',TO_DATE('2015/08/29','YYYY/MM/DD'),TO_DATE('2018/11/18','YYYY/MM/DD'),'165');
INSERT INTO GG_REGISTER(Customer_ID,Plan_ID,Start_Date,End_Date,Payment_ID) VALUES ('10000016','123960',TO_DATE('2016/03/17','YYYY/MM/DD'),TO_DATE('2019/06/10','YYYY/MM/DD'),'166');
INSERT INTO GG_REGISTER(Customer_ID,Plan_ID,Start_Date,End_Date,Payment_ID) VALUES ('10000017','380395',TO_DATE('2018/03/09','YYYY/MM/DD'),TO_DATE('2020/05/24','YYYY/MM/DD'),'167');
INSERT INTO GG_REGISTER(Customer_ID,Plan_ID,Start_Date,End_Date,Payment_ID) VALUES ('10000018','381657',TO_DATE('2020/08/28','YYYY/MM/DD'),TO_DATE('2021/12/21','YYYY/MM/DD'),'168');
INSERT INTO GG_REGISTER(Customer_ID,Plan_ID,Start_Date,End_Date,Payment_ID) VALUES ('10000019','365879',TO_DATE('2015/04/23','YYYY/MM/DD'),TO_DATE('2018/10/20','YYYY/MM/DD'),'169');
INSERT INTO GG_REGISTER(Customer_ID,Plan_ID,Start_Date,End_Date,Payment_ID) VALUES ('10000020','947743',TO_DATE('2018/12/10','YYYY/MM/DD'),TO_DATE('2020/05/25','YYYY/MM/DD'),'170');
INSERT INTO GG_REGISTER(Customer_ID,Plan_ID,Start_Date,End_Date,Payment_ID) VALUES ('10000021','123456',TO_DATE('2013/02/20','YYYY/MM/DD'),TO_DATE('2017/11/01','YYYY/MM/DD'),'171');
INSERT INTO GG_REGISTER(Customer_ID,Plan_ID,Start_Date,End_Date,Payment_ID) VALUES ('10000022','234876',TO_DATE('2021/01/27','YYYY/MM/DD'),TO_DATE('2021/03/17','YYYY/MM/DD'),'172');
INSERT INTO GG_REGISTER(Customer_ID,Plan_ID,Start_Date,End_Date,Payment_ID) VALUES ('10000023','432098',TO_DATE('2016/05/17','YYYY/MM/DD'),TO_DATE('2021/09/24','YYYY/MM/DD'),'173');
INSERT INTO GG_REGISTER(Customer_ID,Plan_ID,Start_Date,End_Date,Payment_ID) VALUES ('10000024','386106',TO_DATE('2018/02/28','YYYY/MM/DD'),TO_DATE('2018/11/21','YYYY/MM/DD'),'174');
INSERT INTO GG_REGISTER(Customer_ID,Plan_ID,Start_Date,End_Date,Payment_ID) VALUES ('10000025','238321',TO_DATE('2022/02/14','YYYY/MM/DD'),TO_DATE('2022/04/08','YYYY/MM/DD'),'175');
INSERT INTO GG_REGISTER(Customer_ID,Plan_ID,Start_Date,End_Date,Payment_ID) VALUES ('10000001','123960',TO_DATE('2014/08/21','YYYY/MM/DD'),TO_DATE('2020/07/26','YYYY/MM/DD'),'176');
INSERT INTO GG_REGISTER(Customer_ID,Plan_ID,Start_Date,End_Date,Payment_ID) VALUES ('10000002','380395',TO_DATE('2011/06/05','YYYY/MM/DD'),TO_DATE('2020/03/20','YYYY/MM/DD'),'177');
INSERT INTO GG_REGISTER(Customer_ID,Plan_ID,Start_Date,End_Date,Payment_ID) VALUES ('10000003','381657',TO_DATE('2014/02/05','YYYY/MM/DD'),TO_DATE('2014/12/30','YYYY/MM/DD'),'178');
INSERT INTO GG_REGISTER(Customer_ID,Plan_ID,Start_Date,End_Date,Payment_ID) VALUES ('10000004','365879',TO_DATE('2010/04/04','YYYY/MM/DD'),TO_DATE('2010/05/15','YYYY/MM/DD'),'179');
INSERT INTO GG_REGISTER(Customer_ID,Plan_ID,Start_Date,End_Date,Payment_ID) VALUES ('10000005','947743',TO_DATE('2016/06/13','YYYY/MM/DD'),TO_DATE('2021/08/19','YYYY/MM/DD'),'180');
INSERT INTO GG_REGISTER(Customer_ID,Plan_ID,Start_Date,End_Date,Payment_ID) VALUES ('10000006','123456',TO_DATE('2020/07/15','YYYY/MM/DD'),TO_DATE('2021/12/23','YYYY/MM/DD'),'181');
INSERT INTO GG_REGISTER(Customer_ID,Plan_ID,Start_Date,End_Date,Payment_ID) VALUES ('10000007','234876',TO_DATE('2012/06/15','YYYY/MM/DD'),TO_DATE('2017/10/21','YYYY/MM/DD'),'182');
INSERT INTO GG_REGISTER(Customer_ID,Plan_ID,Start_Date,End_Date,Payment_ID) VALUES ('10000008','432098',TO_DATE('2011/08/12','YYYY/MM/DD'),TO_DATE('2022/03/06','YYYY/MM/DD'),'183');
INSERT INTO GG_REGISTER(Customer_ID,Plan_ID,Start_Date,End_Date,Payment_ID) VALUES ('10000009','386106',TO_DATE('2020/11/13','YYYY/MM/DD'),TO_DATE('2021/05/09','YYYY/MM/DD'),'184');
INSERT INTO GG_REGISTER(Customer_ID,Plan_ID,Start_Date,End_Date,Payment_ID) VALUES ('10000010','238321',TO_DATE('2019/05/26','YYYY/MM/DD'),TO_DATE('2019/07/09','YYYY/MM/DD'),'185');
INSERT INTO GG_REGISTER(Customer_ID,Plan_ID,Start_Date,End_Date,Payment_ID) VALUES ('10000011','123960',TO_DATE('2021/09/19','YYYY/MM/DD'),TO_DATE('2021/12/30','YYYY/MM/DD'),'186');
INSERT INTO GG_REGISTER(Customer_ID,Plan_ID,Start_Date,End_Date,Payment_ID) VALUES ('10000012','380395',TO_DATE('2017/09/11','YYYY/MM/DD'),TO_DATE('2019/03/27','YYYY/MM/DD'),'187');
INSERT INTO GG_REGISTER(Customer_ID,Plan_ID,Start_Date,End_Date,Payment_ID) VALUES ('10000013','381657',TO_DATE('2013/11/09','YYYY/MM/DD'),TO_DATE('2016/01/25','YYYY/MM/DD'),'188');
INSERT INTO GG_REGISTER(Customer_ID,Plan_ID,Start_Date,End_Date,Payment_ID) VALUES ('10000014','365879',TO_DATE('2013/04/18','YYYY/MM/DD'),TO_DATE('2014/06/14','YYYY/MM/DD'),'189');
INSERT INTO GG_REGISTER(Customer_ID,Plan_ID,Start_Date,End_Date,Payment_ID) VALUES ('10000015','947743',TO_DATE('2020/03/02','YYYY/MM/DD'),TO_DATE('2020/11/28','YYYY/MM/DD'),'190');
INSERT INTO GG_REGISTER(Customer_ID,Plan_ID,Start_Date,End_Date,Payment_ID) VALUES ('10000016','123456',TO_DATE('2018/09/30','YYYY/MM/DD'),TO_DATE('2019/03/24','YYYY/MM/DD'),'191');
INSERT INTO GG_REGISTER(Customer_ID,Plan_ID,Start_Date,End_Date,Payment_ID) VALUES ('10000017','234876',TO_DATE('2015/11/29','YYYY/MM/DD'),TO_DATE('2016/05/14','YYYY/MM/DD'),'192');
INSERT INTO GG_REGISTER(Customer_ID,Plan_ID,Start_Date,End_Date,Payment_ID) VALUES ('10000018','432098',TO_DATE('2019/08/29','YYYY/MM/DD'),TO_DATE('2022/01/20','YYYY/MM/DD'),'193');
INSERT INTO GG_REGISTER(Customer_ID,Plan_ID,Start_Date,End_Date,Payment_ID) VALUES ('10000019','386106',TO_DATE('2011/01/30','YYYY/MM/DD'),TO_DATE('2017/03/15','YYYY/MM/DD'),'194');
INSERT INTO GG_REGISTER(Customer_ID,Plan_ID,Start_Date,End_Date,Payment_ID) VALUES ('10000020','238321',TO_DATE('2017/08/21','YYYY/MM/DD'),TO_DATE('2020/01/29','YYYY/MM/DD'),'195');
INSERT INTO GG_REGISTER(Customer_ID,Plan_ID,Start_Date,End_Date,Payment_ID) VALUES ('10000021','123960',TO_DATE('2015/05/03','YYYY/MM/DD'),TO_DATE('2016/03/27','YYYY/MM/DD'),'196');
INSERT INTO GG_REGISTER(Customer_ID,Plan_ID,Start_Date,End_Date,Payment_ID) VALUES ('10000022','380395',TO_DATE('2014/11/03','YYYY/MM/DD'),TO_DATE('2019/07/27','YYYY/MM/DD'),'197');
INSERT INTO GG_REGISTER(Customer_ID,Plan_ID,Start_Date,End_Date,Payment_ID) VALUES ('10000023','381657',TO_DATE('2016/07/10','YYYY/MM/DD'),TO_DATE('2017/05/02','YYYY/MM/DD'),'198');
INSERT INTO GG_REGISTER(Customer_ID,Plan_ID,Start_Date,End_Date,Payment_ID) VALUES ('10000024','365879',TO_DATE('2019/04/06','YYYY/MM/DD'),TO_DATE('2019/10/28','YYYY/MM/DD'),'199');
INSERT INTO GG_REGISTER(Customer_ID,Plan_ID,Start_Date,End_Date,Payment_ID) VALUES ('10000025','947743',TO_DATE('2022/04/13','YYYY/MM/DD'),TO_DATE('2022/04/17','YYYY/MM/DD'),'200');

INSERT INTO GG_EXTRAFEE(Fee_ID,Fee_Type,Amount) VALUES (1,'Late Fee',40);
INSERT INTO GG_EXTRAFEE(Fee_ID,Fee_Type,Amount) VALUES (2,'Vehicle Damage',30);
INSERT INTO GG_EXTRAFEE(Fee_ID,Fee_Type,Amount) VALUES (3,'Late Fee',40);
INSERT INTO GG_EXTRAFEE(Fee_ID,Fee_Type,Amount) VALUES (4,'Vehicle Damage',200);
INSERT INTO GG_EXTRAFEE(Fee_ID,Fee_Type,Amount) VALUES (5,'Late Fee',40);
INSERT INTO GG_EXTRAFEE(Fee_ID,Fee_Type,Amount) VALUES (6,'Vehicle Damage',100);
INSERT INTO GG_EXTRAFEE(Fee_ID,Fee_Type,Amount) VALUES (7,'Vehicle Damage',30);
INSERT INTO GG_EXTRAFEE(Fee_ID,Fee_Type,Amount) VALUES (8,'Cleanup',40);
INSERT INTO GG_EXTRAFEE(Fee_ID,Fee_Type,Amount) VALUES (9,'Cleanup',40);
INSERT INTO GG_EXTRAFEE(Fee_ID,Fee_Type,Amount) VALUES (10,'Cleanup',40);

INSERT INTO GG_POD (Pod_ID,Street,Location_ID) VALUES ('KNS12','Anderson Walk',5487);
INSERT INTO GG_POD (Pod_ID,Street,Location_ID) VALUES ('RVS03','Albert Street',6813);
INSERT INTO GG_POD (Pod_ID,Street,Location_ID) VALUES ('BLT21','Abelia Way',1873);
INSERT INTO GG_POD (Pod_ID,Street,Location_ID) VALUES ('CRL06','Barrup Street',17);
INSERT INTO GG_POD (Pod_ID,Street,Location_ID) VALUES ('CRL08','Beard Place',54);
INSERT INTO GG_POD (Pod_ID,Street,Location_ID) VALUES ('KNS24','Bateman Road',489);
INSERT INTO GG_POD (Pod_ID,Street,Location_ID) VALUES ('BLM84','Clifton Lane',3487);
INSERT INTO GG_POD (Pod_ID,Street,Location_ID) VALUES ('AVD91','Parkland Avenue',219);
INSERT INTO GG_POD (Pod_ID,Street,Location_ID) VALUES ('AVD27','Bracken Lane',894);

INSERT INTO GG_VEHICLE(Vehicle_ID,Type,Colour,Description,Capacity,Fuel_Type,Pod_ID,Registration_Plate,Transmission,Special_Features,Pet_Allowed,Availability) VALUES ('123456','Medium hatch','Silver','This Toyota Corolla is comfortable, powerful and great for both short errands and longer trips.','5','E10','KNS12','CM89VB','auto','Child Seat','no','allDay');
INSERT INTO GG_VEHICLE(Vehicle_ID,Type,Colour,Description,Capacity,Fuel_Type,Pod_ID,Registration_Plate,Transmission,Special_Features,Pet_Allowed,Availability) VALUES ('234567','SUV','Grey','This KIA Sportage looks great, has plenty of space inside, and is a joy to drive for both short and long trips.','5','E10','RVS03','CQ07RJ','auto','Reverse Camera','no','allDay');
INSERT INTO GG_VEHICLE(Vehicle_ID,Type,Colour,Description,Capacity,Fuel_Type,Pod_ID,Registration_Plate,Transmission,Special_Features,Pet_Allowed,Availability) VALUES ('345678','Ute','White','This Toyota HiLux ute has a flexible open tray, for when you need to get handy.','2','Unleaded 91','BLT21','CO53DH','auto','null','no','afternoon');
INSERT INTO GG_VEHICLE(Vehicle_ID,Type,Colour,Description,Capacity,Fuel_Type,Pod_ID,Registration_Plate,Transmission,Special_Features,Pet_Allowed,Availability) VALUES ('456789','Van','White','This Toyota HiAce van can carry almost anything! The van has heaps of space, a powerful engine and comfy front seats.','2','Unleaded 91','CRL06','CP11LU','auto','Pet friendly','yes','allDay');
INSERT INTO GG_VEHICLE(Vehicle_ID,Type,Colour,Description,Capacity,Fuel_Type,Pod_ID,Registration_Plate,Transmission,Special_Features,Pet_Allowed,Availability) VALUES ('567891','Prius','Grey','This Toyota Prius C combines style and practicality, running on electric only for short trips, and switching to petrol for longer stretches. Its perfect for running around town or fun to get out of the city with.','5','Unleaded 91','AVD91','CO25MZ','auto','null','No','allDay');
INSERT INTO GG_VEHICLE(Vehicle_ID,Type,Colour,Description,Capacity,Fuel_Type,Pod_ID,Registration_Plate,Transmission,Special_Features,Pet_Allowed,Availability) VALUES ('678912','Convertible','Black','This BMW Convertible lets you take the top down and feel the wind in your hair. Sporty, glamorous and easy to drive.','4','Premium 95','CRL06','DYB74D','auto','null','no','afternoon');
INSERT INTO GG_VEHICLE(Vehicle_ID,Type,Colour,Description,Capacity,Fuel_Type,Pod_ID,Registration_Plate,Transmission,Special_Features,Pet_Allowed,Availability) VALUES ('789123','Van','White','This Toyota HiAce van can carry almost anything! The van has heaps of space, a powerful engine and comfy front seats.','2','Unleaded 91','BLM84','CN46RW','auto','Pet friendly','yes','allDay');
INSERT INTO GG_VEHICLE(Vehicle_ID,Type,Colour,Description,Capacity,Fuel_Type,Pod_ID,Registration_Plate,Transmission,Special_Features,Pet_Allowed,Availability) VALUES ('891234','SUV','Black','This Toyota RAV4 is handy for carrying big loads around the city, and is a comfortable ride for long trips.','5','Unleaded 91','AVD91','CN60VN','auto','Child Seat','no','afternoon');
INSERT INTO GG_VEHICLE(Vehicle_ID,Type,Colour,Description,Capacity,Fuel_Type,Pod_ID,Registration_Plate,Transmission,Special_Features,Pet_Allowed,Availability) VALUES ('912345','Fancy Hatch','White','This Mercedes A180 is compact, sporty and a joy to drive. Easy to park and zip around in the city, and a dream out on the highway.','5','Premium 95','CRL06','DVE49V','auto','navigation system','no','afternoon');
INSERT INTO GG_VEHICLE(Vehicle_ID,Type,Colour,Description,Capacity,Fuel_Type,Pod_ID,Registration_Plate,Transmission,Special_Features,Pet_Allowed,Availability) VALUES ('111222','Medium Hatch','Silver','This Kia Cerato is comfortable, powerful and great for both short errands and longer trips.','5','E10','AVD27','CT17GS','auto','Reverse Camera','no','afternoon');

INSERT INTO GG_BOOKING(Booking_ID,Customer_ID,Vehicle_ID,Plan_ID,Start_Time,End_Time,Discount,Fee_ID,Payment_ID) VALUES ('1','10000013','111222','386106',TO_TIMESTAMP('2014-03-11 9:00:00','YYYY-MM-DD HH24:MI:SS' ),TO_TIMESTAMP('2014-03-25 9:00','YYYY-MM-DD HH24:MI:SS' ),'','','150');
INSERT INTO GG_BOOKING(Booking_ID,Customer_ID,Vehicle_ID,Plan_ID,Start_Time,End_Time,Discount,Fee_ID,Payment_ID) VALUES ('2','10000012','567891','432098',TO_TIMESTAMP('2019-03-20 18:00:00','YYYY-MM-DD HH24:MI:SS' ),TO_TIMESTAMP('2019-04-13 18:00','YYYY-MM-DD HH24:MI:SS' ),'0.25','','149');
INSERT INTO GG_BOOKING(Booking_ID,Customer_ID,Vehicle_ID,Plan_ID,Start_Time,End_Time,Discount,Fee_ID,Payment_ID) VALUES ('3','10000023','912345','238321',TO_TIMESTAMP('2016-07-15 11:00:00','YYYY-MM-DD HH24:MI:SS' ),TO_TIMESTAMP('2016-08-05 11:00','YYYY-MM-DD HH24:MI:SS' ),'0.2','','148');
INSERT INTO GG_BOOKING(Booking_ID,Customer_ID,Vehicle_ID,Plan_ID,Start_Time,End_Time,Discount,Fee_ID,Payment_ID) VALUES ('4','10000015','891234','381657',TO_TIMESTAMP('2011-09-02 19:00:00','YYYY-MM-DD HH24:MI:SS' ),TO_TIMESTAMP('2011-09-09 19:00','YYYY-MM-DD HH24:MI:SS' ),'','','147');
INSERT INTO GG_BOOKING(Booking_ID,Customer_ID,Vehicle_ID,Plan_ID,Start_Time,End_Time,Discount,Fee_ID,Payment_ID) VALUES ('5','10000008','789123','238321',TO_TIMESTAMP('2010-04-26 17:00:00','YYYY-MM-DD HH24:MI:SS' ),TO_TIMESTAMP('2010-05-06 17:00','YYYY-MM-DD HH24:MI:SS' ),'','','146');
INSERT INTO GG_BOOKING(Booking_ID,Customer_ID,Vehicle_ID,Plan_ID,Start_Time,End_Time,Discount,Fee_ID,Payment_ID) VALUES ('6','10000008','123456','386106',TO_TIMESTAMP('2012-10-28 11:00:00','YYYY-MM-DD HH24:MI:SS' ),TO_TIMESTAMP('2012-11-23 11:00','YYYY-MM-DD HH24:MI:SS' ),'','','145');
INSERT INTO GG_BOOKING(Booking_ID,Customer_ID,Vehicle_ID,Plan_ID,Start_Time,End_Time,Discount,Fee_ID,Payment_ID) VALUES ('7','10000004','345678','380395',TO_TIMESTAMP('2019-06-07 19:00:00','YYYY-MM-DD HH24:MI:SS' ),TO_TIMESTAMP('2019-06-28 19:00','YYYY-MM-DD HH24:MI:SS' ),'','','144');
INSERT INTO GG_BOOKING(Booking_ID,Customer_ID,Vehicle_ID,Plan_ID,Start_Time,End_Time,Discount,Fee_ID,Payment_ID) VALUES ('8','10000018','345678','123960',TO_TIMESTAMP('2020-08-14 11:00:00','YYYY-MM-DD HH24:MI:SS' ),TO_TIMESTAMP('2020-08-23 11:00','YYYY-MM-DD HH24:MI:SS' ),'','9','143');
INSERT INTO GG_BOOKING(Booking_ID,Customer_ID,Vehicle_ID,Plan_ID,Start_Time,End_Time,Discount,Fee_ID,Payment_ID) VALUES ('9','10000006','123456','381657',TO_TIMESTAMP('2016-08-31 10:00:00','YYYY-MM-DD HH24:MI:SS' ),TO_TIMESTAMP('2016-09-27 10:00','YYYY-MM-DD HH24:MI:SS' ),'','4','142');
INSERT INTO GG_BOOKING(Booking_ID,Customer_ID,Vehicle_ID,Plan_ID,Start_Time,End_Time,Discount,Fee_ID,Payment_ID) VALUES ('10','10000022','891234','380395',TO_TIMESTAMP('2019-04-14 16:00:00','YYYY-MM-DD HH24:MI:SS' ),TO_TIMESTAMP('2019-04-17 16:00','YYYY-MM-DD HH24:MI:SS' ),'0.2','','141');
INSERT INTO GG_BOOKING(Booking_ID,Customer_ID,Vehicle_ID,Plan_ID,Start_Time,End_Time,Discount,Fee_ID,Payment_ID) VALUES ('11','10000014','111222','381657',TO_TIMESTAMP('2018-08-28 18:00:00','YYYY-MM-DD HH24:MI:SS' ),TO_TIMESTAMP('2018-09-05 18:00','YYYY-MM-DD HH24:MI:SS' ),'','','140');
INSERT INTO GG_BOOKING(Booking_ID,Customer_ID,Vehicle_ID,Plan_ID,Start_Time,End_Time,Discount,Fee_ID,Payment_ID) VALUES ('12','10000018','234567','386106',TO_TIMESTAMP('2016-03-22 20:00:00','YYYY-MM-DD HH24:MI:SS' ),TO_TIMESTAMP('2016-04-06 20:00','YYYY-MM-DD HH24:MI:SS' ),'','','139');
INSERT INTO GG_BOOKING(Booking_ID,Customer_ID,Vehicle_ID,Plan_ID,Start_Time,End_Time,Discount,Fee_ID,Payment_ID) VALUES ('13','10000025','456789','947743',TO_TIMESTAMP('2018-03-27 17:00:00','YYYY-MM-DD HH24:MI:SS' ),TO_TIMESTAMP('2018-04-15 17:00','YYYY-MM-DD HH24:MI:SS' ),'','2','138');
INSERT INTO GG_BOOKING(Booking_ID,Customer_ID,Vehicle_ID,Plan_ID,Start_Time,End_Time,Discount,Fee_ID,Payment_ID) VALUES ('14','10000006','345678','123456',TO_TIMESTAMP('2011-07-24 14:00:00','YYYY-MM-DD HH24:MI:SS' ),TO_TIMESTAMP('2011-08-23 14:00','YYYY-MM-DD HH24:MI:SS' ),'','','137');
INSERT INTO GG_BOOKING(Booking_ID,Customer_ID,Vehicle_ID,Plan_ID,Start_Time,End_Time,Discount,Fee_ID,Payment_ID) VALUES ('15','10000016','891234','380395',TO_TIMESTAMP('2018-09-05 10:00:00','YYYY-MM-DD HH24:MI:SS' ),TO_TIMESTAMP('2018-09-10 10:00','YYYY-MM-DD HH24:MI:SS' ),'0.15','','136');
INSERT INTO GG_BOOKING(Booking_ID,Customer_ID,Vehicle_ID,Plan_ID,Start_Time,End_Time,Discount,Fee_ID,Payment_ID) VALUES ('16','10000002','912345','380395',TO_TIMESTAMP('2011-10-16 9:00:00','YYYY-MM-DD HH24:MI:SS' ),TO_TIMESTAMP('2011-10-21 9:00','YYYY-MM-DD HH24:MI:SS' ),'','','135');
INSERT INTO GG_BOOKING(Booking_ID,Customer_ID,Vehicle_ID,Plan_ID,Start_Time,End_Time,Discount,Fee_ID,Payment_ID) VALUES ('17','10000006','234567','947743',TO_TIMESTAMP('2014-07-30 11:00:00','YYYY-MM-DD HH24:MI:SS' ),TO_TIMESTAMP('2014-08-03 11:00','YYYY-MM-DD HH24:MI:SS' ),'','','134');
INSERT INTO GG_BOOKING(Booking_ID,Customer_ID,Vehicle_ID,Plan_ID,Start_Time,End_Time,Discount,Fee_ID,Payment_ID) VALUES ('18','10000003','111222','381657',TO_TIMESTAMP('2021-07-19 10:00:00','YYYY-MM-DD HH24:MI:SS' ),TO_TIMESTAMP('2021-07-23 10:00','YYYY-MM-DD HH24:MI:SS' ),'','7','133');
INSERT INTO GG_BOOKING(Booking_ID,Customer_ID,Vehicle_ID,Plan_ID,Start_Time,End_Time,Discount,Fee_ID,Payment_ID) VALUES ('19','10000025','678912','381657',TO_TIMESTAMP('2015-05-14 9:00:00','YYYY-MM-DD HH24:MI:SS' ),TO_TIMESTAMP('2015-05-21 9:00','YYYY-MM-DD HH24:MI:SS' ),'','','132');
INSERT INTO GG_BOOKING(Booking_ID,Customer_ID,Vehicle_ID,Plan_ID,Start_Time,End_Time,Discount,Fee_ID,Payment_ID) VALUES ('20','10000022','567891','365879',TO_TIMESTAMP('2017-10-29 9:00:00','YYYY-MM-DD HH24:MI:SS' ),TO_TIMESTAMP('2017-10-30 9:00','YYYY-MM-DD HH24:MI:SS' ),'','6','131');
INSERT INTO GG_BOOKING(Booking_ID,Customer_ID,Vehicle_ID,Plan_ID,Start_Time,End_Time,Discount,Fee_ID,Payment_ID) VALUES ('21','10000005','234567','123960',TO_TIMESTAMP('2012-04-27 12:00:00','YYYY-MM-DD HH24:MI:SS' ),TO_TIMESTAMP('2012-05-01 12:00','YYYY-MM-DD HH24:MI:SS' ),'','6','130');
INSERT INTO GG_BOOKING(Booking_ID,Customer_ID,Vehicle_ID,Plan_ID,Start_Time,End_Time,Discount,Fee_ID,Payment_ID) VALUES ('22','10000010','678912','234876',TO_TIMESTAMP('2011-07-25 18:00:00','YYYY-MM-DD HH24:MI:SS' ),TO_TIMESTAMP('2011-08-12 18:00','YYYY-MM-DD HH24:MI:SS' ),'0.15','','129');
INSERT INTO GG_BOOKING(Booking_ID,Customer_ID,Vehicle_ID,Plan_ID,Start_Time,End_Time,Discount,Fee_ID,Payment_ID) VALUES ('23','10000014','234567','123960',TO_TIMESTAMP('2016-08-02 10:00:00','YYYY-MM-DD HH24:MI:SS' ),TO_TIMESTAMP('2016-08-06 10:00','YYYY-MM-DD HH24:MI:SS' ),'0.15','','128');
INSERT INTO GG_BOOKING(Booking_ID,Customer_ID,Vehicle_ID,Plan_ID,Start_Time,End_Time,Discount,Fee_ID,Payment_ID) VALUES ('24','10000010','891234','432098',TO_TIMESTAMP('2010-12-08 18:00:00','YYYY-MM-DD HH24:MI:SS' ),TO_TIMESTAMP('2010-12-23 18:00','YYYY-MM-DD HH24:MI:SS' ),'','','127');
INSERT INTO GG_BOOKING(Booking_ID,Customer_ID,Vehicle_ID,Plan_ID,Start_Time,End_Time,Discount,Fee_ID,Payment_ID) VALUES ('25','10000006','912345','365879',TO_TIMESTAMP('2021-02-28 20:00:00','YYYY-MM-DD HH24:MI:SS' ),TO_TIMESTAMP('2021-03-08 20:00','YYYY-MM-DD HH24:MI:SS' ),'0.15','','126');
INSERT INTO GG_BOOKING(Booking_ID,Customer_ID,Vehicle_ID,Plan_ID,Start_Time,End_Time,Discount,Fee_ID,Payment_ID) VALUES ('26','10000012','891234','238321',TO_TIMESTAMP('2014-03-07 17:00:00','YYYY-MM-DD HH24:MI:SS' ),TO_TIMESTAMP('2014-03-28 17:00','YYYY-MM-DD HH24:MI:SS' ),'','7','125');
INSERT INTO GG_BOOKING(Booking_ID,Customer_ID,Vehicle_ID,Plan_ID,Start_Time,End_Time,Discount,Fee_ID,Payment_ID) VALUES ('27','10000022','345678','380395',TO_TIMESTAMP('2014-07-04 10:00:00','YYYY-MM-DD HH24:MI:SS' ),TO_TIMESTAMP('2014-07-29 10:00','YYYY-MM-DD HH24:MI:SS' ),'','','124');
INSERT INTO GG_BOOKING(Booking_ID,Customer_ID,Vehicle_ID,Plan_ID,Start_Time,End_Time,Discount,Fee_ID,Payment_ID) VALUES ('28','10000009','345678','947743',TO_TIMESTAMP('2019-05-03 17:00:00','YYYY-MM-DD HH24:MI:SS' ),TO_TIMESTAMP('2019-05-19 17:00','YYYY-MM-DD HH24:MI:SS' ),'','','123');
INSERT INTO GG_BOOKING(Booking_ID,Customer_ID,Vehicle_ID,Plan_ID,Start_Time,End_Time,Discount,Fee_ID,Payment_ID) VALUES ('29','10000008','234567','123960',TO_TIMESTAMP('2014-09-03 9:00:00','YYYY-MM-DD HH24:MI:SS' ),TO_TIMESTAMP('2014-09-29 9:00','YYYY-MM-DD HH24:MI:SS' ),'','','122');
INSERT INTO GG_BOOKING(Booking_ID,Customer_ID,Vehicle_ID,Plan_ID,Start_Time,End_Time,Discount,Fee_ID,Payment_ID) VALUES ('30','10000014','234567','365879',TO_TIMESTAMP('2016-08-08 9:00:00','YYYY-MM-DD HH24:MI:SS' ),TO_TIMESTAMP('2016-08-17 9:00','YYYY-MM-DD HH24:MI:SS' ),'','','121');
INSERT INTO GG_BOOKING(Booking_ID,Customer_ID,Vehicle_ID,Plan_ID,Start_Time,End_Time,Discount,Fee_ID,Payment_ID) VALUES ('31','10000011','111222','123456',TO_TIMESTAMP('2014-09-11 14:00:00','YYYY-MM-DD HH24:MI:SS' ),TO_TIMESTAMP('2014-10-07 14:00','YYYY-MM-DD HH24:MI:SS' ),'','','120');
INSERT INTO GG_BOOKING(Booking_ID,Customer_ID,Vehicle_ID,Plan_ID,Start_Time,End_Time,Discount,Fee_ID,Payment_ID) VALUES ('32','10000010','789123','365879',TO_TIMESTAMP('2020-03-01 20:00:00','YYYY-MM-DD HH24:MI:SS' ),TO_TIMESTAMP('2020-03-14 20:00','YYYY-MM-DD HH24:MI:SS' ),'0.2','','119');
INSERT INTO GG_BOOKING(Booking_ID,Customer_ID,Vehicle_ID,Plan_ID,Start_Time,End_Time,Discount,Fee_ID,Payment_ID) VALUES ('33','10000015','345678','234876',TO_TIMESTAMP('2021-03-28 11:00:00','YYYY-MM-DD HH24:MI:SS' ),TO_TIMESTAMP('2021-04-23 11:00','YYYY-MM-DD HH24:MI:SS' ),'0.25','','118');
INSERT INTO GG_BOOKING(Booking_ID,Customer_ID,Vehicle_ID,Plan_ID,Start_Time,End_Time,Discount,Fee_ID,Payment_ID) VALUES ('34','10000005','123456','123960',TO_TIMESTAMP('2017-05-14 15:00:00','YYYY-MM-DD HH24:MI:SS' ),TO_TIMESTAMP('2017-05-15 15:00','YYYY-MM-DD HH24:MI:SS' ),'','4','117');
INSERT INTO GG_BOOKING(Booking_ID,Customer_ID,Vehicle_ID,Plan_ID,Start_Time,End_Time,Discount,Fee_ID,Payment_ID) VALUES ('35','10000001','456789','381657',TO_TIMESTAMP('2015-08-12 20:00:00','YYYY-MM-DD HH24:MI:SS' ),TO_TIMESTAMP('2015-08-13 20:00','YYYY-MM-DD HH24:MI:SS' ),'','','116');
INSERT INTO GG_BOOKING(Booking_ID,Customer_ID,Vehicle_ID,Plan_ID,Start_Time,End_Time,Discount,Fee_ID,Payment_ID) VALUES ('36','10000012','234567','238321',TO_TIMESTAMP('2011-08-31 16:00:00','YYYY-MM-DD HH24:MI:SS' ),TO_TIMESTAMP('2011-09-18 16:00','YYYY-MM-DD HH24:MI:SS' ),'0.2','','115');
INSERT INTO GG_BOOKING(Booking_ID,Customer_ID,Vehicle_ID,Plan_ID,Start_Time,End_Time,Discount,Fee_ID,Payment_ID) VALUES ('37','10000019','234567','365879',TO_TIMESTAMP('2018-04-10 15:00:00','YYYY-MM-DD HH24:MI:SS' ),TO_TIMESTAMP('2018-05-09 15:00','YYYY-MM-DD HH24:MI:SS' ),'','','114');
INSERT INTO GG_BOOKING(Booking_ID,Customer_ID,Vehicle_ID,Plan_ID,Start_Time,End_Time,Discount,Fee_ID,Payment_ID) VALUES ('38','10000009','678912','432098',TO_TIMESTAMP('2016-05-02 17:00:00','YYYY-MM-DD HH24:MI:SS' ),TO_TIMESTAMP('2016-05-11 17:00','YYYY-MM-DD HH24:MI:SS' ),'0.2','5','113');
INSERT INTO GG_BOOKING(Booking_ID,Customer_ID,Vehicle_ID,Plan_ID,Start_Time,End_Time,Discount,Fee_ID,Payment_ID) VALUES ('39','10000003','345678','381657',TO_TIMESTAMP('2021-05-02 11:00:00','YYYY-MM-DD HH24:MI:SS' ),TO_TIMESTAMP('2021-05-23 11:00','YYYY-MM-DD HH24:MI:SS' ),'','','112');
INSERT INTO GG_BOOKING(Booking_ID,Customer_ID,Vehicle_ID,Plan_ID,Start_Time,End_Time,Discount,Fee_ID,Payment_ID) VALUES ('40','10000022','912345','123960',TO_TIMESTAMP('2018-06-28 11:00:00','YYYY-MM-DD HH24:MI:SS' ),TO_TIMESTAMP('2018-06-29 11:00','YYYY-MM-DD HH24:MI:SS' ),'0.05','','111');
INSERT INTO GG_BOOKING(Booking_ID,Customer_ID,Vehicle_ID,Plan_ID,Start_Time,End_Time,Discount,Fee_ID,Payment_ID) VALUES ('41','10000008','111222','380395',TO_TIMESTAMP('2018-05-15 9:00:00','YYYY-MM-DD HH24:MI:SS' ),TO_TIMESTAMP('2018-05-24 9:00','YYYY-MM-DD HH24:MI:SS' ),'0.2','','110');
INSERT INTO GG_BOOKING(Booking_ID,Customer_ID,Vehicle_ID,Plan_ID,Start_Time,End_Time,Discount,Fee_ID,Payment_ID) VALUES ('42','10000004','123456','123456',TO_TIMESTAMP('2018-11-23 9:00:00','YYYY-MM-DD HH24:MI:SS' ),TO_TIMESTAMP('2018-12-04 9:00','YYYY-MM-DD HH24:MI:SS' ),'','','109');
INSERT INTO GG_BOOKING(Booking_ID,Customer_ID,Vehicle_ID,Plan_ID,Start_Time,End_Time,Discount,Fee_ID,Payment_ID) VALUES ('43','10000005','912345','123456',TO_TIMESTAMP('2019-12-12 11:00:00','YYYY-MM-DD HH24:MI:SS' ),TO_TIMESTAMP('2020-01-05 11:00','YYYY-MM-DD HH24:MI:SS' ),'','9','108');
INSERT INTO GG_BOOKING(Booking_ID,Customer_ID,Vehicle_ID,Plan_ID,Start_Time,End_Time,Discount,Fee_ID,Payment_ID) VALUES ('44','10000003','111222','432098',TO_TIMESTAMP('2013-06-17 13:00:00','YYYY-MM-DD HH24:MI:SS' ),TO_TIMESTAMP('2013-07-13 13:00','YYYY-MM-DD HH24:MI:SS' ),'','','107');
INSERT INTO GG_BOOKING(Booking_ID,Customer_ID,Vehicle_ID,Plan_ID,Start_Time,End_Time,Discount,Fee_ID,Payment_ID) VALUES ('45','10000025','345678','238321',TO_TIMESTAMP('2018-04-29 16:00:00','YYYY-MM-DD HH24:MI:SS' ),TO_TIMESTAMP('2018-05-15 16:00','YYYY-MM-DD HH24:MI:SS' ),'0.25','1','106');
INSERT INTO GG_BOOKING(Booking_ID,Customer_ID,Vehicle_ID,Plan_ID,Start_Time,End_Time,Discount,Fee_ID,Payment_ID) VALUES ('46','10000012','789123','238321',TO_TIMESTAMP('2015-06-25 9:00:00','YYYY-MM-DD HH24:MI:SS' ),TO_TIMESTAMP('2015-07-16 9:00','YYYY-MM-DD HH24:MI:SS' ),'','9','105');
INSERT INTO GG_BOOKING(Booking_ID,Customer_ID,Vehicle_ID,Plan_ID,Start_Time,End_Time,Discount,Fee_ID,Payment_ID) VALUES ('47','10000015','912345','238321',TO_TIMESTAMP('2011-08-09 20:00:00','YYYY-MM-DD HH24:MI:SS' ),TO_TIMESTAMP('2011-08-18 20:00','YYYY-MM-DD HH24:MI:SS' ),'','','104');
INSERT INTO GG_BOOKING(Booking_ID,Customer_ID,Vehicle_ID,Plan_ID,Start_Time,End_Time,Discount,Fee_ID,Payment_ID) VALUES ('48','10000006','234567','947743',TO_TIMESTAMP('2016-02-18 9:00:00','YYYY-MM-DD HH24:MI:SS' ),TO_TIMESTAMP('2016-03-07 9:00','YYYY-MM-DD HH24:MI:SS' ),'','','103');
INSERT INTO GG_BOOKING(Booking_ID,Customer_ID,Vehicle_ID,Plan_ID,Start_Time,End_Time,Discount,Fee_ID,Payment_ID) VALUES ('49','10000001','111222','386106',TO_TIMESTAMP('2021-04-24 12:00:00','YYYY-MM-DD HH24:MI:SS' ),TO_TIMESTAMP('2021-05-21 12:00','YYYY-MM-DD HH24:MI:SS' ),'','','102');
INSERT INTO GG_BOOKING(Booking_ID,Customer_ID,Vehicle_ID,Plan_ID,Start_Time,End_Time,Discount,Fee_ID,Payment_ID) VALUES ('50','10000007','456789','234876',TO_TIMESTAMP('2016-03-29 10:00:00','YYYY-MM-DD HH24:MI:SS' ),TO_TIMESTAMP('2016-04-25 10:00','YYYY-MM-DD HH24:MI:SS' ),'','5','101');
INSERT INTO GG_BOOKING(Booking_ID,Customer_ID,Vehicle_ID,Plan_ID,Start_Time,End_Time,Discount,Fee_ID,Payment_ID) VALUES ('51','10000007','234567','381657',TO_TIMESTAMP('2014-09-09 9:00:00','YYYY-MM-DD HH24:MI:SS' ),TO_TIMESTAMP('2014-10-06 9:00','YYYY-MM-DD HH24:MI:SS' ),'0.2','','100');
INSERT INTO GG_BOOKING(Booking_ID,Customer_ID,Vehicle_ID,Plan_ID,Start_Time,End_Time,Discount,Fee_ID,Payment_ID) VALUES ('52','10000010','789123','432098',TO_TIMESTAMP('2015-10-12 16:00:00','YYYY-MM-DD HH24:MI:SS' ),TO_TIMESTAMP('2015-10-13 16:00','YYYY-MM-DD HH24:MI:SS' ),'','','99');
INSERT INTO GG_BOOKING(Booking_ID,Customer_ID,Vehicle_ID,Plan_ID,Start_Time,End_Time,Discount,Fee_ID,Payment_ID) VALUES ('53','10000024','123456','386106',TO_TIMESTAMP('2017-11-04 12:00:00','YYYY-MM-DD HH24:MI:SS' ),TO_TIMESTAMP('2017-11-28 12:00','YYYY-MM-DD HH24:MI:SS' ),'','','98');
INSERT INTO GG_BOOKING(Booking_ID,Customer_ID,Vehicle_ID,Plan_ID,Start_Time,End_Time,Discount,Fee_ID,Payment_ID) VALUES ('54','10000023','456789','947743',TO_TIMESTAMP('2010-07-18 14:00:00','YYYY-MM-DD HH24:MI:SS' ),TO_TIMESTAMP('2010-07-29 14:00','YYYY-MM-DD HH24:MI:SS' ),'','','97');
INSERT INTO GG_BOOKING(Booking_ID,Customer_ID,Vehicle_ID,Plan_ID,Start_Time,End_Time,Discount,Fee_ID,Payment_ID) VALUES ('55','10000006','345678','365879',TO_TIMESTAMP('2019-04-03 20:00:00','YYYY-MM-DD HH24:MI:SS' ),TO_TIMESTAMP('2019-04-21 20:00','YYYY-MM-DD HH24:MI:SS' ),'','','96');
INSERT INTO GG_BOOKING(Booking_ID,Customer_ID,Vehicle_ID,Plan_ID,Start_Time,End_Time,Discount,Fee_ID,Payment_ID) VALUES ('56','10000001','345678','234876',TO_TIMESTAMP('2010-02-28 10:00:00','YYYY-MM-DD HH24:MI:SS' ),TO_TIMESTAMP('2010-03-07 10:00','YYYY-MM-DD HH24:MI:SS' ),'0.05','','95');
INSERT INTO GG_BOOKING(Booking_ID,Customer_ID,Vehicle_ID,Plan_ID,Start_Time,End_Time,Discount,Fee_ID,Payment_ID) VALUES ('57','10000006','234567','123960',TO_TIMESTAMP('2019-03-09 13:00:00','YYYY-MM-DD HH24:MI:SS' ),TO_TIMESTAMP('2019-03-27 13:00','YYYY-MM-DD HH24:MI:SS' ),'','','94');
INSERT INTO GG_BOOKING(Booking_ID,Customer_ID,Vehicle_ID,Plan_ID,Start_Time,End_Time,Discount,Fee_ID,Payment_ID) VALUES ('58','10000002','789123','238321',TO_TIMESTAMP('2014-08-11 11:00:00','YYYY-MM-DD HH24:MI:SS' ),TO_TIMESTAMP('2014-08-20 11:00','YYYY-MM-DD HH24:MI:SS' ),'','','93');
INSERT INTO GG_BOOKING(Booking_ID,Customer_ID,Vehicle_ID,Plan_ID,Start_Time,End_Time,Discount,Fee_ID,Payment_ID) VALUES ('59','10000005','678912','380395',TO_TIMESTAMP('2010-12-17 19:00:00','YYYY-MM-DD HH24:MI:SS' ),TO_TIMESTAMP('2011-01-05 19:00','YYYY-MM-DD HH24:MI:SS' ),'','1','92');
INSERT INTO GG_BOOKING(Booking_ID,Customer_ID,Vehicle_ID,Plan_ID,Start_Time,End_Time,Discount,Fee_ID,Payment_ID) VALUES ('60','10000005','111222','123456',TO_TIMESTAMP('2010-11-14 13:00:00','YYYY-MM-DD HH24:MI:SS' ),TO_TIMESTAMP('2010-12-12 13:00','YYYY-MM-DD HH24:MI:SS' ),'','','91');
INSERT INTO GG_BOOKING(Booking_ID,Customer_ID,Vehicle_ID,Plan_ID,Start_Time,End_Time,Discount,Fee_ID,Payment_ID) VALUES ('61','10000013','912345','432098',TO_TIMESTAMP('2011-12-01 20:00:00','YYYY-MM-DD HH24:MI:SS' ),TO_TIMESTAMP('2011-12-13 20:00','YYYY-MM-DD HH24:MI:SS' ),'','','90');
INSERT INTO GG_BOOKING(Booking_ID,Customer_ID,Vehicle_ID,Plan_ID,Start_Time,End_Time,Discount,Fee_ID,Payment_ID) VALUES ('62','10000006','567891','365879',TO_TIMESTAMP('2010-09-04 9:00:00','YYYY-MM-DD HH24:MI:SS' ),TO_TIMESTAMP('2010-10-02 9:00','YYYY-MM-DD HH24:MI:SS' ),'','7','89');
INSERT INTO GG_BOOKING(Booking_ID,Customer_ID,Vehicle_ID,Plan_ID,Start_Time,End_Time,Discount,Fee_ID,Payment_ID) VALUES ('63','10000017','123456','432098',TO_TIMESTAMP('2012-12-18 9:00:00','YYYY-MM-DD HH24:MI:SS' ),TO_TIMESTAMP('2013-01-06 9:00','YYYY-MM-DD HH24:MI:SS' ),'','','88');
INSERT INTO GG_BOOKING(Booking_ID,Customer_ID,Vehicle_ID,Plan_ID,Start_Time,End_Time,Discount,Fee_ID,Payment_ID) VALUES ('64','10000019','912345','123960',TO_TIMESTAMP('2020-01-28 16:00:00','YYYY-MM-DD HH24:MI:SS' ),TO_TIMESTAMP('2020-02-25 16:00','YYYY-MM-DD HH24:MI:SS' ),'','5','87');
INSERT INTO GG_BOOKING(Booking_ID,Customer_ID,Vehicle_ID,Plan_ID,Start_Time,End_Time,Discount,Fee_ID,Payment_ID) VALUES ('65','10000017','456789','386106',TO_TIMESTAMP('2012-11-29 19:00:00','YYYY-MM-DD HH24:MI:SS' ),TO_TIMESTAMP('2012-12-02 19:00','YYYY-MM-DD HH24:MI:SS' ),'0.05','','86');
INSERT INTO GG_BOOKING(Booking_ID,Customer_ID,Vehicle_ID,Plan_ID,Start_Time,End_Time,Discount,Fee_ID,Payment_ID) VALUES ('66','10000005','567891','380395',TO_TIMESTAMP('2018-05-30 13:00:00','YYYY-MM-DD HH24:MI:SS' ),TO_TIMESTAMP('2018-06-22 13:00','YYYY-MM-DD HH24:MI:SS' ),'0.2','','85');
INSERT INTO GG_BOOKING(Booking_ID,Customer_ID,Vehicle_ID,Plan_ID,Start_Time,End_Time,Discount,Fee_ID,Payment_ID) VALUES ('67','10000016','789123','381657',TO_TIMESTAMP('2011-10-07 19:00:00','YYYY-MM-DD HH24:MI:SS' ),TO_TIMESTAMP('2011-10-30 19:00','YYYY-MM-DD HH24:MI:SS' ),'','','84');
INSERT INTO GG_BOOKING(Booking_ID,Customer_ID,Vehicle_ID,Plan_ID,Start_Time,End_Time,Discount,Fee_ID,Payment_ID) VALUES ('68','10000006','345678','365879',TO_TIMESTAMP('2017-05-20 15:00:00','YYYY-MM-DD HH24:MI:SS' ),TO_TIMESTAMP('2017-05-26 15:00','YYYY-MM-DD HH24:MI:SS' ),'','','83');
INSERT INTO GG_BOOKING(Booking_ID,Customer_ID,Vehicle_ID,Plan_ID,Start_Time,End_Time,Discount,Fee_ID,Payment_ID) VALUES ('69','10000020','111222','123960',TO_TIMESTAMP('2020-03-28 16:00:00','YYYY-MM-DD HH24:MI:SS' ),TO_TIMESTAMP('2020-03-29 16:00','YYYY-MM-DD HH24:MI:SS' ),'','','82');
INSERT INTO GG_BOOKING(Booking_ID,Customer_ID,Vehicle_ID,Plan_ID,Start_Time,End_Time,Discount,Fee_ID,Payment_ID) VALUES ('70','10000015','456789','947743',TO_TIMESTAMP('2013-07-25 10:00:00','YYYY-MM-DD HH24:MI:SS' ),TO_TIMESTAMP('2013-08-08 10:00','YYYY-MM-DD HH24:MI:SS' ),'','1','81');
INSERT INTO GG_BOOKING(Booking_ID,Customer_ID,Vehicle_ID,Plan_ID,Start_Time,End_Time,Discount,Fee_ID,Payment_ID) VALUES ('71','10000010','234567','238321',TO_TIMESTAMP('2020-02-20 19:00:00','YYYY-MM-DD HH24:MI:SS' ),TO_TIMESTAMP('2020-02-26 19:00','YYYY-MM-DD HH24:MI:SS' ),'','10','80');
INSERT INTO GG_BOOKING(Booking_ID,Customer_ID,Vehicle_ID,Plan_ID,Start_Time,End_Time,Discount,Fee_ID,Payment_ID) VALUES ('72','10000025','456789','238321',TO_TIMESTAMP('2013-07-06 16:00:00','YYYY-MM-DD HH24:MI:SS' ),TO_TIMESTAMP('2013-08-02 16:00','YYYY-MM-DD HH24:MI:SS' ),'','','79');
INSERT INTO GG_BOOKING(Booking_ID,Customer_ID,Vehicle_ID,Plan_ID,Start_Time,End_Time,Discount,Fee_ID,Payment_ID) VALUES ('73','10000012','678912','234876',TO_TIMESTAMP('2020-03-19 10:00:00','YYYY-MM-DD HH24:MI:SS' ),TO_TIMESTAMP('2020-03-25 10:00','YYYY-MM-DD HH24:MI:SS' ),'','','78');
INSERT INTO GG_BOOKING(Booking_ID,Customer_ID,Vehicle_ID,Plan_ID,Start_Time,End_Time,Discount,Fee_ID,Payment_ID) VALUES ('74','10000016','345678','123960',TO_TIMESTAMP('2012-01-07 17:00:00','YYYY-MM-DD HH24:MI:SS' ),TO_TIMESTAMP('2012-01-12 17:00','YYYY-MM-DD HH24:MI:SS' ),'','8','77');
INSERT INTO GG_BOOKING(Booking_ID,Customer_ID,Vehicle_ID,Plan_ID,Start_Time,End_Time,Discount,Fee_ID,Payment_ID) VALUES ('75','10000012','678912','380395',TO_TIMESTAMP('2020-09-01 18:00:00','YYYY-MM-DD HH24:MI:SS' ),TO_TIMESTAMP('2020-09-26 18:00','YYYY-MM-DD HH24:MI:SS' ),'','','76');
INSERT INTO GG_BOOKING(Booking_ID,Customer_ID,Vehicle_ID,Plan_ID,Start_Time,End_Time,Discount,Fee_ID,Payment_ID) VALUES ('76','10000010','234567','234876',TO_TIMESTAMP('2015-08-03 20:00:00','YYYY-MM-DD HH24:MI:SS' ),TO_TIMESTAMP('2015-08-10 20:00','YYYY-MM-DD HH24:MI:SS' ),'0.15','','75');
INSERT INTO GG_BOOKING(Booking_ID,Customer_ID,Vehicle_ID,Plan_ID,Start_Time,End_Time,Discount,Fee_ID,Payment_ID) VALUES ('77','10000013','345678','947743',TO_TIMESTAMP('2011-10-09 17:00:00','YYYY-MM-DD HH24:MI:SS' ),TO_TIMESTAMP('2011-10-22 17:00','YYYY-MM-DD HH24:MI:SS' ),'0.05','6','74');
INSERT INTO GG_BOOKING(Booking_ID,Customer_ID,Vehicle_ID,Plan_ID,Start_Time,End_Time,Discount,Fee_ID,Payment_ID) VALUES ('78','10000015','111222','380395',TO_TIMESTAMP('2020-11-11 15:00:00','YYYY-MM-DD HH24:MI:SS' ),TO_TIMESTAMP('2020-12-11 15:00','YYYY-MM-DD HH24:MI:SS' ),'','','73');
INSERT INTO GG_BOOKING(Booking_ID,Customer_ID,Vehicle_ID,Plan_ID,Start_Time,End_Time,Discount,Fee_ID,Payment_ID) VALUES ('79','10000005','111222','234876',TO_TIMESTAMP('2012-05-15 15:00:00','YYYY-MM-DD HH24:MI:SS' ),TO_TIMESTAMP('2012-05-21 15:00','YYYY-MM-DD HH24:MI:SS' ),'0.25','3','72');
INSERT INTO GG_BOOKING(Booking_ID,Customer_ID,Vehicle_ID,Plan_ID,Start_Time,End_Time,Discount,Fee_ID,Payment_ID) VALUES ('80','10000002','891234','380395',TO_TIMESTAMP('2014-01-24 16:00:00','YYYY-MM-DD HH24:MI:SS' ),TO_TIMESTAMP('2014-02-09 16:00','YYYY-MM-DD HH24:MI:SS' ),'','8','71');
INSERT INTO GG_BOOKING(Booking_ID,Customer_ID,Vehicle_ID,Plan_ID,Start_Time,End_Time,Discount,Fee_ID,Payment_ID) VALUES ('81','10000005','789123','238321',TO_TIMESTAMP('2019-11-11 9:00:00','YYYY-MM-DD HH24:MI:SS' ),TO_TIMESTAMP('2019-11-15 9:00','YYYY-MM-DD HH24:MI:SS' ),'','3','70');
INSERT INTO GG_BOOKING(Booking_ID,Customer_ID,Vehicle_ID,Plan_ID,Start_Time,End_Time,Discount,Fee_ID,Payment_ID) VALUES ('82','10000021','678912','381657',TO_TIMESTAMP('2016-07-26 13:00:00','YYYY-MM-DD HH24:MI:SS' ),TO_TIMESTAMP('2016-08-03 13:00','YYYY-MM-DD HH24:MI:SS' ),'0.1','','69');
INSERT INTO GG_BOOKING(Booking_ID,Customer_ID,Vehicle_ID,Plan_ID,Start_Time,End_Time,Discount,Fee_ID,Payment_ID) VALUES ('83','10000002','678912','380395',TO_TIMESTAMP('2020-06-05 13:00:00','YYYY-MM-DD HH24:MI:SS' ),TO_TIMESTAMP('2020-06-08 13:00','YYYY-MM-DD HH24:MI:SS' ),'','9','68');
INSERT INTO GG_BOOKING(Booking_ID,Customer_ID,Vehicle_ID,Plan_ID,Start_Time,End_Time,Discount,Fee_ID,Payment_ID) VALUES ('84','10000023','456789','386106',TO_TIMESTAMP('2014-12-26 16:00:00','YYYY-MM-DD HH24:MI:SS' ),TO_TIMESTAMP('2014-12-28 16:00','YYYY-MM-DD HH24:MI:SS' ),'','','67');
INSERT INTO GG_BOOKING(Booking_ID,Customer_ID,Vehicle_ID,Plan_ID,Start_Time,End_Time,Discount,Fee_ID,Payment_ID) VALUES ('85','10000002','912345','123960',TO_TIMESTAMP('2013-07-23 19:00:00','YYYY-MM-DD HH24:MI:SS' ),TO_TIMESTAMP('2013-08-20 19:00','YYYY-MM-DD HH24:MI:SS' ),'','','66');
INSERT INTO GG_BOOKING(Booking_ID,Customer_ID,Vehicle_ID,Plan_ID,Start_Time,End_Time,Discount,Fee_ID,Payment_ID) VALUES ('86','10000006','567891','365879',TO_TIMESTAMP('2020-08-23 14:00:00','YYYY-MM-DD HH24:MI:SS' ),TO_TIMESTAMP('2020-08-31 14:00','YYYY-MM-DD HH24:MI:SS' ),'','','65');
INSERT INTO GG_BOOKING(Booking_ID,Customer_ID,Vehicle_ID,Plan_ID,Start_Time,End_Time,Discount,Fee_ID,Payment_ID) VALUES ('87','10000014','234567','123456',TO_TIMESTAMP('2015-06-13 14:00:00','YYYY-MM-DD HH24:MI:SS' ),TO_TIMESTAMP('2015-06-23 14:00','YYYY-MM-DD HH24:MI:SS' ),'','','64');
INSERT INTO GG_BOOKING(Booking_ID,Customer_ID,Vehicle_ID,Plan_ID,Start_Time,End_Time,Discount,Fee_ID,Payment_ID) VALUES ('88','10000016','123456','381657',TO_TIMESTAMP('2011-01-08 10:00:00','YYYY-MM-DD HH24:MI:SS' ),TO_TIMESTAMP('2011-01-09 10:00','YYYY-MM-DD HH24:MI:SS' ),'0.1','','63');
INSERT INTO GG_BOOKING(Booking_ID,Customer_ID,Vehicle_ID,Plan_ID,Start_Time,End_Time,Discount,Fee_ID,Payment_ID) VALUES ('89','10000025','678912','123456',TO_TIMESTAMP('2020-11-24 18:00:00','YYYY-MM-DD HH24:MI:SS' ),TO_TIMESTAMP('2020-11-30 18:00','YYYY-MM-DD HH24:MI:SS' ),'','','62');
INSERT INTO GG_BOOKING(Booking_ID,Customer_ID,Vehicle_ID,Plan_ID,Start_Time,End_Time,Discount,Fee_ID,Payment_ID) VALUES ('90','10000019','789123','238321',TO_TIMESTAMP('2019-04-22 10:00:00','YYYY-MM-DD HH24:MI:SS' ),TO_TIMESTAMP('2019-04-29 10:00','YYYY-MM-DD HH24:MI:SS' ),'0.2','','61');
INSERT INTO GG_BOOKING(Booking_ID,Customer_ID,Vehicle_ID,Plan_ID,Start_Time,End_Time,Discount,Fee_ID,Payment_ID) VALUES ('91','10000001','234567','381657',TO_TIMESTAMP('2011-05-01 11:00:00','YYYY-MM-DD HH24:MI:SS' ),TO_TIMESTAMP('2011-05-24 11:00','YYYY-MM-DD HH24:MI:SS' ),'','','60');
INSERT INTO GG_BOOKING(Booking_ID,Customer_ID,Vehicle_ID,Plan_ID,Start_Time,End_Time,Discount,Fee_ID,Payment_ID) VALUES ('92','10000023','678912','123960',TO_TIMESTAMP('2017-09-05 14:00:00','YYYY-MM-DD HH24:MI:SS' ),TO_TIMESTAMP('2017-10-04 14:00','YYYY-MM-DD HH24:MI:SS' ),'0.05','','59');
INSERT INTO GG_BOOKING(Booking_ID,Customer_ID,Vehicle_ID,Plan_ID,Start_Time,End_Time,Discount,Fee_ID,Payment_ID) VALUES ('93','10000004','891234','365879',TO_TIMESTAMP('2019-08-24 13:00:00','YYYY-MM-DD HH24:MI:SS' ),TO_TIMESTAMP('2019-09-21 13:00','YYYY-MM-DD HH24:MI:SS' ),'','','58');
INSERT INTO GG_BOOKING(Booking_ID,Customer_ID,Vehicle_ID,Plan_ID,Start_Time,End_Time,Discount,Fee_ID,Payment_ID) VALUES ('94','10000019','234567','386106',TO_TIMESTAMP('2010-07-30 11:00:00','YYYY-MM-DD HH24:MI:SS' ),TO_TIMESTAMP('2010-08-22 11:00','YYYY-MM-DD HH24:MI:SS' ),'','','57');
INSERT INTO GG_BOOKING(Booking_ID,Customer_ID,Vehicle_ID,Plan_ID,Start_Time,End_Time,Discount,Fee_ID,Payment_ID) VALUES ('95','10000003','123456','947743',TO_TIMESTAMP('2015-09-17 11:00:00','YYYY-MM-DD HH24:MI:SS' ),TO_TIMESTAMP('2015-10-03 11:00','YYYY-MM-DD HH24:MI:SS' ),'','','56');
INSERT INTO GG_BOOKING(Booking_ID,Customer_ID,Vehicle_ID,Plan_ID,Start_Time,End_Time,Discount,Fee_ID,Payment_ID) VALUES ('96','10000007','678912','123456',TO_TIMESTAMP('2013-11-04 17:00:00','YYYY-MM-DD HH24:MI:SS' ),TO_TIMESTAMP('2013-12-02 17:00','YYYY-MM-DD HH24:MI:SS' ),'','','55');
INSERT INTO GG_BOOKING(Booking_ID,Customer_ID,Vehicle_ID,Plan_ID,Start_Time,End_Time,Discount,Fee_ID,Payment_ID) VALUES ('97','10000005','234567','365879',TO_TIMESTAMP('2013-08-14 19:00:00','YYYY-MM-DD HH24:MI:SS' ),TO_TIMESTAMP('2013-08-17 19:00','YYYY-MM-DD HH24:MI:SS' ),'','4','54');
INSERT INTO GG_BOOKING(Booking_ID,Customer_ID,Vehicle_ID,Plan_ID,Start_Time,End_Time,Discount,Fee_ID,Payment_ID) VALUES ('98','10000005','567891','123456',TO_TIMESTAMP('2016-04-16 13:00:00','YYYY-MM-DD HH24:MI:SS' ),TO_TIMESTAMP('2016-04-24 13:00','YYYY-MM-DD HH24:MI:SS' ),'','','53');
INSERT INTO GG_BOOKING(Booking_ID,Customer_ID,Vehicle_ID,Plan_ID,Start_Time,End_Time,Discount,Fee_ID,Payment_ID) VALUES ('99','10000019','891234','238321',TO_TIMESTAMP('2012-03-09 17:00:00','YYYY-MM-DD HH24:MI:SS' ),TO_TIMESTAMP('2012-03-10 17:00','YYYY-MM-DD HH24:MI:SS' ),'','','52');
INSERT INTO GG_BOOKING(Booking_ID,Customer_ID,Vehicle_ID,Plan_ID,Start_Time,End_Time,Discount,Fee_ID,Payment_ID) VALUES ('100','10000022','234567','238321',TO_TIMESTAMP('2017-07-11 10:00:00','YYYY-MM-DD HH24:MI:SS' ),TO_TIMESTAMP('2017-08-07 10:00','YYYY-MM-DD HH24:MI:SS' ),'','3','51');
INSERT INTO GG_BOOKING(Booking_ID,Customer_ID,Vehicle_ID,Plan_ID,Start_Time,End_Time,Discount,Fee_ID,Payment_ID) VALUES ('101','10000022','234567','947743',TO_TIMESTAMP('2017-07-18 13:00:00','YYYY-MM-DD HH24:MI:SS' ),TO_TIMESTAMP('2017-08-06 13:00','YYYY-MM-DD HH24:MI:SS' ),'','10','50');
INSERT INTO GG_BOOKING(Booking_ID,Customer_ID,Vehicle_ID,Plan_ID,Start_Time,End_Time,Discount,Fee_ID,Payment_ID) VALUES ('102','10000004','123456','380395',TO_TIMESTAMP('2021-12-14 10:00:00','YYYY-MM-DD HH24:MI:SS' ),TO_TIMESTAMP('2022-01-03 10:00','YYYY-MM-DD HH24:MI:SS' ),'','','49');
INSERT INTO GG_BOOKING(Booking_ID,Customer_ID,Vehicle_ID,Plan_ID,Start_Time,End_Time,Discount,Fee_ID,Payment_ID) VALUES ('103','10000025','345678','238321',TO_TIMESTAMP('2015-02-05 13:00:00','YYYY-MM-DD HH24:MI:SS' ),TO_TIMESTAMP('2015-02-13 13:00','YYYY-MM-DD HH24:MI:SS' ),'','','48');
INSERT INTO GG_BOOKING(Booking_ID,Customer_ID,Vehicle_ID,Plan_ID,Start_Time,End_Time,Discount,Fee_ID,Payment_ID) VALUES ('104','10000003','111222','381657',TO_TIMESTAMP('2014-08-15 19:00:00','YYYY-MM-DD HH24:MI:SS' ),TO_TIMESTAMP('2014-08-30 19:00','YYYY-MM-DD HH24:MI:SS' ),'','','47');
INSERT INTO GG_BOOKING(Booking_ID,Customer_ID,Vehicle_ID,Plan_ID,Start_Time,End_Time,Discount,Fee_ID,Payment_ID) VALUES ('105','10000019','789123','380395',TO_TIMESTAMP('2014-05-23 15:00:00','YYYY-MM-DD HH24:MI:SS' ),TO_TIMESTAMP('2014-05-29 15:00','YYYY-MM-DD HH24:MI:SS' ),'','','46');
INSERT INTO GG_BOOKING(Booking_ID,Customer_ID,Vehicle_ID,Plan_ID,Start_Time,End_Time,Discount,Fee_ID,Payment_ID) VALUES ('106','10000006','345678','123456',TO_TIMESTAMP('2014-03-20 16:00:00','YYYY-MM-DD HH24:MI:SS' ),TO_TIMESTAMP('2014-03-23 16:00','YYYY-MM-DD HH24:MI:SS' ),'','','45');
INSERT INTO GG_BOOKING(Booking_ID,Customer_ID,Vehicle_ID,Plan_ID,Start_Time,End_Time,Discount,Fee_ID,Payment_ID) VALUES ('107','10000002','234567','123960',TO_TIMESTAMP('2020-02-22 13:00:00','YYYY-MM-DD HH24:MI:SS' ),TO_TIMESTAMP('2020-03-19 13:00','YYYY-MM-DD HH24:MI:SS' ),'','9','44');
INSERT INTO GG_BOOKING(Booking_ID,Customer_ID,Vehicle_ID,Plan_ID,Start_Time,End_Time,Discount,Fee_ID,Payment_ID) VALUES ('108','10000012','567891','238321',TO_TIMESTAMP('2017-09-03 11:00:00','YYYY-MM-DD HH24:MI:SS' ),TO_TIMESTAMP('2017-10-03 11:00','YYYY-MM-DD HH24:MI:SS' ),'','7','43');
INSERT INTO GG_BOOKING(Booking_ID,Customer_ID,Vehicle_ID,Plan_ID,Start_Time,End_Time,Discount,Fee_ID,Payment_ID) VALUES ('109','10000010','912345','381657',TO_TIMESTAMP('2012-08-20 17:00:00','YYYY-MM-DD HH24:MI:SS' ),TO_TIMESTAMP('2012-08-30 17:00','YYYY-MM-DD HH24:MI:SS' ),'','','42');
INSERT INTO GG_BOOKING(Booking_ID,Customer_ID,Vehicle_ID,Plan_ID,Start_Time,End_Time,Discount,Fee_ID,Payment_ID) VALUES ('110','10000003','234567','386106',TO_TIMESTAMP('2019-02-14 18:00:00','YYYY-MM-DD HH24:MI:SS' ),TO_TIMESTAMP('2019-02-15 18:00','YYYY-MM-DD HH24:MI:SS' ),'','3','41');
INSERT INTO GG_BOOKING(Booking_ID,Customer_ID,Vehicle_ID,Plan_ID,Start_Time,End_Time,Discount,Fee_ID,Payment_ID) VALUES ('111','10000019','123456','380395',TO_TIMESTAMP('2017-03-16 16:00:00','YYYY-MM-DD HH24:MI:SS' ),TO_TIMESTAMP('2017-03-21 16:00','YYYY-MM-DD HH24:MI:SS' ),'','4','40');
INSERT INTO GG_BOOKING(Booking_ID,Customer_ID,Vehicle_ID,Plan_ID,Start_Time,End_Time,Discount,Fee_ID,Payment_ID) VALUES ('112','10000001','678912','123960',TO_TIMESTAMP('2021-11-26 20:00:00','YYYY-MM-DD HH24:MI:SS' ),TO_TIMESTAMP('2021-12-15 20:00','YYYY-MM-DD HH24:MI:SS' ),'','','39');
INSERT INTO GG_BOOKING(Booking_ID,Customer_ID,Vehicle_ID,Plan_ID,Start_Time,End_Time,Discount,Fee_ID,Payment_ID) VALUES ('113','10000008','789123','380395',TO_TIMESTAMP('2020-11-07 9:00:00','YYYY-MM-DD HH24:MI:SS' ),TO_TIMESTAMP('2020-11-21 9:00','YYYY-MM-DD HH24:MI:SS' ),'','4','38');
INSERT INTO GG_BOOKING(Booking_ID,Customer_ID,Vehicle_ID,Plan_ID,Start_Time,End_Time,Discount,Fee_ID,Payment_ID) VALUES ('114','10000014','567891','234876',TO_TIMESTAMP('2021-03-23 15:00:00','YYYY-MM-DD HH24:MI:SS' ),TO_TIMESTAMP('2021-04-06 15:00','YYYY-MM-DD HH24:MI:SS' ),'','3','37');
INSERT INTO GG_BOOKING(Booking_ID,Customer_ID,Vehicle_ID,Plan_ID,Start_Time,End_Time,Discount,Fee_ID,Payment_ID) VALUES ('115','10000015','234567','386106',TO_TIMESTAMP('2014-06-30 15:00:00','YYYY-MM-DD HH24:MI:SS' ),TO_TIMESTAMP('2014-07-24 15:00','YYYY-MM-DD HH24:MI:SS' ),'','3','36');
INSERT INTO GG_BOOKING(Booking_ID,Customer_ID,Vehicle_ID,Plan_ID,Start_Time,End_Time,Discount,Fee_ID,Payment_ID) VALUES ('116','10000004','123456','380395',TO_TIMESTAMP('2011-07-13 12:00:00','YYYY-MM-DD HH24:MI:SS' ),TO_TIMESTAMP('2011-07-23 12:00','YYYY-MM-DD HH24:MI:SS' ),'','','35');
INSERT INTO GG_BOOKING(Booking_ID,Customer_ID,Vehicle_ID,Plan_ID,Start_Time,End_Time,Discount,Fee_ID,Payment_ID) VALUES ('117','10000011','567891','947743',TO_TIMESTAMP('2021-11-22 11:00:00','YYYY-MM-DD HH24:MI:SS' ),TO_TIMESTAMP('2021-11-27 11:00','YYYY-MM-DD HH24:MI:SS' ),'','10','34');
INSERT INTO GG_BOOKING(Booking_ID,Customer_ID,Vehicle_ID,Plan_ID,Start_Time,End_Time,Discount,Fee_ID,Payment_ID) VALUES ('118','10000009','567891','234876',TO_TIMESTAMP('2019-10-01 17:00:00','YYYY-MM-DD HH24:MI:SS' ),TO_TIMESTAMP('2019-10-05 17:00','YYYY-MM-DD HH24:MI:SS' ),'','','33');
INSERT INTO GG_BOOKING(Booking_ID,Customer_ID,Vehicle_ID,Plan_ID,Start_Time,End_Time,Discount,Fee_ID,Payment_ID) VALUES ('119','10000019','456789','234876',TO_TIMESTAMP('2018-12-25 16:00:00','YYYY-MM-DD HH24:MI:SS' ),TO_TIMESTAMP('2019-01-23 16:00','YYYY-MM-DD HH24:MI:SS' ),'','','32');
INSERT INTO GG_BOOKING(Booking_ID,Customer_ID,Vehicle_ID,Plan_ID,Start_Time,End_Time,Discount,Fee_ID,Payment_ID) VALUES ('120','10000009','912345','947743',TO_TIMESTAMP('2015-09-25 14:00:00','YYYY-MM-DD HH24:MI:SS' ),TO_TIMESTAMP('2015-10-07 14:00','YYYY-MM-DD HH24:MI:SS' ),'','','31');
INSERT INTO GG_BOOKING(Booking_ID,Customer_ID,Vehicle_ID,Plan_ID,Start_Time,End_Time,Discount,Fee_ID,Payment_ID) VALUES ('121','10000010','678912','381657',TO_TIMESTAMP('2019-01-01 18:00:00','YYYY-MM-DD HH24:MI:SS' ),TO_TIMESTAMP('2019-01-07 18:00','YYYY-MM-DD HH24:MI:SS' ),'','','30');
INSERT INTO GG_BOOKING(Booking_ID,Customer_ID,Vehicle_ID,Plan_ID,Start_Time,End_Time,Discount,Fee_ID,Payment_ID) VALUES ('122','10000024','345678','123456',TO_TIMESTAMP('2020-09-14 14:00:00','YYYY-MM-DD HH24:MI:SS' ),TO_TIMESTAMP('2020-10-02 14:00','YYYY-MM-DD HH24:MI:SS' ),'','','29');
INSERT INTO GG_BOOKING(Booking_ID,Customer_ID,Vehicle_ID,Plan_ID,Start_Time,End_Time,Discount,Fee_ID,Payment_ID) VALUES ('123','10000016','567891','947743',TO_TIMESTAMP('2021-06-01 9:00:00','YYYY-MM-DD HH24:MI:SS' ),TO_TIMESTAMP('2021-06-07 9:00','YYYY-MM-DD HH24:MI:SS' ),'','7','28');
INSERT INTO GG_BOOKING(Booking_ID,Customer_ID,Vehicle_ID,Plan_ID,Start_Time,End_Time,Discount,Fee_ID,Payment_ID) VALUES ('124','10000022','111222','234876',TO_TIMESTAMP('2013-01-04 14:00:00','YYYY-MM-DD HH24:MI:SS' ),TO_TIMESTAMP('2013-01-20 14:00','YYYY-MM-DD HH24:MI:SS' ),'','8','27');
INSERT INTO GG_BOOKING(Booking_ID,Customer_ID,Vehicle_ID,Plan_ID,Start_Time,End_Time,Discount,Fee_ID,Payment_ID) VALUES ('125','10000001','567891','238321',TO_TIMESTAMP('2010-11-06 12:00:00','YYYY-MM-DD HH24:MI:SS' ),TO_TIMESTAMP('2010-11-27 12:00','YYYY-MM-DD HH24:MI:SS' ),'','','26');
INSERT INTO GG_BOOKING(Booking_ID,Customer_ID,Vehicle_ID,Plan_ID,Start_Time,End_Time,Discount,Fee_ID,Payment_ID) VALUES ('126','10000024','567891','380395',TO_TIMESTAMP('2012-03-23 14:00:00','YYYY-MM-DD HH24:MI:SS' ),TO_TIMESTAMP('2012-04-02 14:00','YYYY-MM-DD HH24:MI:SS' ),'','','25');
INSERT INTO GG_BOOKING(Booking_ID,Customer_ID,Vehicle_ID,Plan_ID,Start_Time,End_Time,Discount,Fee_ID,Payment_ID) VALUES ('127','10000022','678912','381657',TO_TIMESTAMP('2017-09-17 17:00:00','YYYY-MM-DD HH24:MI:SS' ),TO_TIMESTAMP('2017-10-08 17:00','YYYY-MM-DD HH24:MI:SS' ),'','','24');
INSERT INTO GG_BOOKING(Booking_ID,Customer_ID,Vehicle_ID,Plan_ID,Start_Time,End_Time,Discount,Fee_ID,Payment_ID) VALUES ('128','10000008','891234','381657',TO_TIMESTAMP('2016-03-02 16:00:00','YYYY-MM-DD HH24:MI:SS' ),TO_TIMESTAMP('2016-03-09 16:00','YYYY-MM-DD HH24:MI:SS' ),'','','23');
INSERT INTO GG_BOOKING(Booking_ID,Customer_ID,Vehicle_ID,Plan_ID,Start_Time,End_Time,Discount,Fee_ID,Payment_ID) VALUES ('129','10000014','789123','381657',TO_TIMESTAMP('2021-06-27 17:00:00','YYYY-MM-DD HH24:MI:SS' ),TO_TIMESTAMP('2021-07-17 17:00','YYYY-MM-DD HH24:MI:SS' ),'','','22');
INSERT INTO GG_BOOKING(Booking_ID,Customer_ID,Vehicle_ID,Plan_ID,Start_Time,End_Time,Discount,Fee_ID,Payment_ID) VALUES ('130','10000019','345678','238321',TO_TIMESTAMP('2019-02-16 19:00:00','YYYY-MM-DD HH24:MI:SS' ),TO_TIMESTAMP('2019-03-05 19:00','YYYY-MM-DD HH24:MI:SS' ),'','','21');
INSERT INTO GG_BOOKING(Booking_ID,Customer_ID,Vehicle_ID,Plan_ID,Start_Time,End_Time,Discount,Fee_ID,Payment_ID) VALUES ('131','10000005','912345','234876',TO_TIMESTAMP('2011-04-01 13:00:00','YYYY-MM-DD HH24:MI:SS' ),TO_TIMESTAMP('2011-04-10 13:00','YYYY-MM-DD HH24:MI:SS' ),'','','20');
INSERT INTO GG_BOOKING(Booking_ID,Customer_ID,Vehicle_ID,Plan_ID,Start_Time,End_Time,Discount,Fee_ID,Payment_ID) VALUES ('132','10000014','678912','234876',TO_TIMESTAMP('2014-01-25 10:00:00','YYYY-MM-DD HH24:MI:SS' ),TO_TIMESTAMP('2014-01-28 10:00','YYYY-MM-DD HH24:MI:SS' ),'','9','19');
INSERT INTO GG_BOOKING(Booking_ID,Customer_ID,Vehicle_ID,Plan_ID,Start_Time,End_Time,Discount,Fee_ID,Payment_ID) VALUES ('133','10000003','123456','386106',TO_TIMESTAMP('2011-04-24 10:00:00','YYYY-MM-DD HH24:MI:SS' ),TO_TIMESTAMP('2011-05-03 10:00','YYYY-MM-DD HH24:MI:SS' ),'','','18');
INSERT INTO GG_BOOKING(Booking_ID,Customer_ID,Vehicle_ID,Plan_ID,Start_Time,End_Time,Discount,Fee_ID,Payment_ID) VALUES ('134','10000022','891234','432098',TO_TIMESTAMP('2012-02-28 11:00:00','YYYY-MM-DD HH24:MI:SS' ),TO_TIMESTAMP('2012-03-18 11:00','YYYY-MM-DD HH24:MI:SS' ),'','','17');
INSERT INTO GG_BOOKING(Booking_ID,Customer_ID,Vehicle_ID,Plan_ID,Start_Time,End_Time,Discount,Fee_ID,Payment_ID) VALUES ('135','10000023','567891','365879',TO_TIMESTAMP('2016-05-10 9:00:00','YYYY-MM-DD HH24:MI:SS' ),TO_TIMESTAMP('2016-05-27 9:00','YYYY-MM-DD HH24:MI:SS' ),'','','16');
INSERT INTO GG_BOOKING(Booking_ID,Customer_ID,Vehicle_ID,Plan_ID,Start_Time,End_Time,Discount,Fee_ID,Payment_ID) VALUES ('136','10000019','345678','365879',TO_TIMESTAMP('2020-01-10 11:00:00','YYYY-MM-DD HH24:MI:SS' ),TO_TIMESTAMP('2020-01-14 11:00','YYYY-MM-DD HH24:MI:SS' ),'','4','15');
INSERT INTO GG_BOOKING(Booking_ID,Customer_ID,Vehicle_ID,Plan_ID,Start_Time,End_Time,Discount,Fee_ID,Payment_ID) VALUES ('137','10000001','789123','380395',TO_TIMESTAMP('2019-10-09 17:00:00','YYYY-MM-DD HH24:MI:SS' ),TO_TIMESTAMP('2019-10-27 17:00','YYYY-MM-DD HH24:MI:SS' ),'','2','14');
INSERT INTO GG_BOOKING(Booking_ID,Customer_ID,Vehicle_ID,Plan_ID,Start_Time,End_Time,Discount,Fee_ID,Payment_ID) VALUES ('138','10000003','912345','380395',TO_TIMESTAMP('2012-05-01 20:00:00','YYYY-MM-DD HH24:MI:SS' ),TO_TIMESTAMP('2012-05-14 20:00','YYYY-MM-DD HH24:MI:SS' ),'','','13');
INSERT INTO GG_BOOKING(Booking_ID,Customer_ID,Vehicle_ID,Plan_ID,Start_Time,End_Time,Discount,Fee_ID,Payment_ID) VALUES ('139','10000004','111222','947743',TO_TIMESTAMP('2022-03-15 9:00:00','YYYY-MM-DD HH24:MI:SS' ),TO_TIMESTAMP('2022-03-25 9:00','YYYY-MM-DD HH24:MI:SS' ),'','1','12');
INSERT INTO GG_BOOKING(Booking_ID,Customer_ID,Vehicle_ID,Plan_ID,Start_Time,End_Time,Discount,Fee_ID,Payment_ID) VALUES ('140','10000018','678912','947743',TO_TIMESTAMP('2010-10-25 11:00:00','YYYY-MM-DD HH24:MI:SS' ),TO_TIMESTAMP('2010-11-12 11:00','YYYY-MM-DD HH24:MI:SS' ),'','','11');
INSERT INTO GG_BOOKING(Booking_ID,Customer_ID,Vehicle_ID,Plan_ID,Start_Time,End_Time,Discount,Fee_ID,Payment_ID) VALUES ('141','10000003','912345','234876',TO_TIMESTAMP('2010-02-02 13:00:00','YYYY-MM-DD HH24:MI:SS' ),TO_TIMESTAMP('2010-02-20 13:00','YYYY-MM-DD HH24:MI:SS' ),'','1','10');
INSERT INTO GG_BOOKING(Booking_ID,Customer_ID,Vehicle_ID,Plan_ID,Start_Time,End_Time,Discount,Fee_ID,Payment_ID) VALUES ('142','10000003','111222','432098',TO_TIMESTAMP('2017-07-28 12:00:00','YYYY-MM-DD HH24:MI:SS' ),TO_TIMESTAMP('2017-08-18 12:00','YYYY-MM-DD HH24:MI:SS' ),'','','9');
INSERT INTO GG_BOOKING(Booking_ID,Customer_ID,Vehicle_ID,Plan_ID,Start_Time,End_Time,Discount,Fee_ID,Payment_ID) VALUES ('143','10000018','678912','381657',TO_TIMESTAMP('2011-02-20 17:00:00','YYYY-MM-DD HH24:MI:SS' ),TO_TIMESTAMP('2011-03-09 17:00','YYYY-MM-DD HH24:MI:SS' ),'','7','8');
INSERT INTO GG_BOOKING(Booking_ID,Customer_ID,Vehicle_ID,Plan_ID,Start_Time,End_Time,Discount,Fee_ID,Payment_ID) VALUES ('144','10000002','123456','432098',TO_TIMESTAMP('2011-02-28 12:00:00','YYYY-MM-DD HH24:MI:SS' ),TO_TIMESTAMP('2011-03-12 12:00','YYYY-MM-DD HH24:MI:SS' ),'','','7');
INSERT INTO GG_BOOKING(Booking_ID,Customer_ID,Vehicle_ID,Plan_ID,Start_Time,End_Time,Discount,Fee_ID,Payment_ID) VALUES ('145','10000006','567891','123456',TO_TIMESTAMP('2018-02-07 14:00:00','YYYY-MM-DD HH24:MI:SS' ),TO_TIMESTAMP('2018-02-20 14:00','YYYY-MM-DD HH24:MI:SS' ),'','','6');
INSERT INTO GG_BOOKING(Booking_ID,Customer_ID,Vehicle_ID,Plan_ID,Start_Time,End_Time,Discount,Fee_ID,Payment_ID) VALUES ('146','10000024','678912','238321',TO_TIMESTAMP('2016-06-07 17:00:00','YYYY-MM-DD HH24:MI:SS' ),TO_TIMESTAMP('2016-07-05 17:00','YYYY-MM-DD HH24:MI:SS' ),'','9','5');
INSERT INTO GG_BOOKING(Booking_ID,Customer_ID,Vehicle_ID,Plan_ID,Start_Time,End_Time,Discount,Fee_ID,Payment_ID) VALUES ('147','10000014','891234','123456',TO_TIMESTAMP('2021-04-03 12:00:00','YYYY-MM-DD HH24:MI:SS' ),TO_TIMESTAMP('2021-04-27 12:00','YYYY-MM-DD HH24:MI:SS' ),'','1','4');
INSERT INTO GG_BOOKING(Booking_ID,Customer_ID,Vehicle_ID,Plan_ID,Start_Time,End_Time,Discount,Fee_ID,Payment_ID) VALUES ('148','10000001','567891','234876',TO_TIMESTAMP('2011-08-17 18:00:00','YYYY-MM-DD HH24:MI:SS' ),TO_TIMESTAMP('2011-08-28 18:00','YYYY-MM-DD HH24:MI:SS' ),'','','3');
INSERT INTO GG_BOOKING(Booking_ID,Customer_ID,Vehicle_ID,Plan_ID,Start_Time,End_Time,Discount,Fee_ID,Payment_ID) VALUES ('149','10000006','891234','947743',TO_TIMESTAMP('2013-03-09 13:00:00','YYYY-MM-DD HH24:MI:SS' ),TO_TIMESTAMP('2013-03-10 13:00','YYYY-MM-DD HH24:MI:SS' ),'','9','2');
INSERT INTO GG_BOOKING(Booking_ID,Customer_ID,Vehicle_ID,Plan_ID,Start_Time,End_Time,Discount,Fee_ID,Payment_ID) VALUES ('150','10000007','123456','947743',TO_TIMESTAMP('2014-10-03 12:00:00','YYYY-MM-DD HH24:MI:SS' ),TO_TIMESTAMP('2014-10-22 12:00','YYYY-MM-DD HH24:MI:SS' ),'','1','1');

INSERT INTO GG_PRICING(Vehicle_ID,Plan_ID ,Rent_per_day,Rent_per_hour) VALUES (891234,123456,76,6.7);
INSERT INTO GG_PRICING(Vehicle_ID,Plan_ID ,Rent_per_day,Rent_per_hour) VALUES (123456,432098,76,6.7);
INSERT INTO GG_PRICING(Vehicle_ID,Plan_ID ,Rent_per_day,Rent_per_hour) VALUES (111222,238321,86,9.9);
INSERT INTO GG_PRICING(Vehicle_ID,Plan_ID ,Rent_per_day,Rent_per_hour) VALUES (912345,234876,76,6.7);
INSERT INTO GG_PRICING(Vehicle_ID,Plan_ID ,Rent_per_day,Rent_per_hour) VALUES (234567,365879,86,7.9);
INSERT INTO GG_PRICING(Vehicle_ID,Plan_ID ,Rent_per_day,Rent_per_hour) VALUES (678912,386106,86,7.9);
INSERT INTO GG_PRICING(Vehicle_ID,Plan_ID ,Rent_per_day,Rent_per_hour) VALUES (567891,380395,76,6.7);
INSERT INTO GG_PRICING(Vehicle_ID,Plan_ID ,Rent_per_day,Rent_per_hour) VALUES (345678,381657,76,6.7);
INSERT INTO GG_PRICING(Vehicle_ID,Plan_ID ,Rent_per_day,Rent_per_hour) VALUES (789123,123960,91,11.3);
INSERT INTO GG_PRICING(Vehicle_ID,Plan_ID ,Rent_per_day,Rent_per_hour) VALUES (456789,432098,91,11.3);

INSERT INTO GG_SUPPLIER (Supplier_ID,Vehicle_ID,Manufacturer_Name) VALUES ('SCA56',123456,'Toyota');
INSERT INTO GG_SUPPLIER (Supplier_ID,Vehicle_ID,Manufacturer_Name) VALUES ('ACR67',234567,'KIA');
INSERT INTO GG_SUPPLIER (Supplier_ID,Vehicle_ID,Manufacturer_Name) VALUES ('SCA78',345678,'Toyota');
INSERT INTO GG_SUPPLIER (Supplier_ID,Vehicle_ID,Manufacturer_Name) VALUES ('ACR89',456789,'Toyota');
INSERT INTO GG_SUPPLIER (Supplier_ID,Vehicle_ID,Manufacturer_Name) VALUES ('CAL91',567891,'Toyota');
INSERT INTO GG_SUPPLIER (Supplier_ID,Vehicle_ID,Manufacturer_Name) VALUES ('SCA12',678912,'BMW');
INSERT INTO GG_SUPPLIER (Supplier_ID,Vehicle_ID,Manufacturer_Name) VALUES ('CAL23',789123,'Toyota');
INSERT INTO GG_SUPPLIER (Supplier_ID,Vehicle_ID,Manufacturer_Name) VALUES ('CAL34',891234,'Toyota');
INSERT INTO GG_SUPPLIER (Supplier_ID,Vehicle_ID,Manufacturer_Name) VALUES ('SCA45',912345,'Mercedes');
INSERT INTO GG_SUPPLIER (Supplier_ID,Vehicle_ID,Manufacturer_Name) VALUES ('CAL22',111222,'KIA');

INSERT INTO GG_INSURANCE (Insurance_ID,Insurance_Penalty,Vehicle_ID) VALUES ('TCR12',0,123456);
INSERT INTO GG_INSURANCE (Insurance_ID,Insurance_Penalty,Vehicle_ID) VALUES ('KIA23',200,234567);
INSERT INTO GG_INSURANCE (Insurance_ID,Insurance_Penalty,Vehicle_ID) VALUES ('THL34',0,345678);
INSERT INTO GG_INSURANCE (Insurance_ID,Insurance_Penalty,Vehicle_ID) VALUES ('THA45',0,456789);
INSERT INTO GG_INSURANCE (Insurance_ID,Insurance_Penalty,Vehicle_ID) VALUES ('TPC56',150,567891);
INSERT INTO GG_INSURANCE (Insurance_ID,Insurance_Penalty,Vehicle_ID) VALUES ('BMC67',245,678912);
INSERT INTO GG_INSURANCE (Insurance_ID,Insurance_Penalty,Vehicle_ID) VALUES ('THA78',0,789123);
INSERT INTO GG_INSURANCE (Insurance_ID,Insurance_Penalty,Vehicle_ID) VALUES ('TRV89',0,891234);
INSERT INTO GG_INSURANCE (Insurance_ID,Insurance_Penalty,Vehicle_ID) VALUES ('MSA91',220,912345);
INSERT INTO GG_INSURANCE (Insurance_ID,Insurance_Penalty,Vehicle_ID) VALUES ('KAC11',0,111222);

